time,damp
0.0,1.0
0.001,0.9963188905418147
0.002,0.9926520510143805
0.003,0.9889989611101102
0.00425,0.9844508806482685
0.0058125,0.9787949638036721
0.007765625,0.9717711776972116
0.01020703125,0.9630606805289521
0.0132587890625,0.9522814763156702
0.017073486328125,0.9389751966754488
0.02184185791015625,0.9226005594031689
0.0266102294921875,0.9065054842884784
0.03257069396972656,0.8867700780145249
0.04002127456665039,0.8626889675814534
0.04933450031280517,0.8334726468496224
0.05864772605895996,0.8052091990743286
0.06796095180511474,0.7778648591966778
0.07727417755126953,0.7514034779018615
0.08658740329742431,0.7257947884836894
0.0959006290435791,0.7010079342381972
0.1052138547897339,0.6770143200062161
0.1145270805358887,0.65378730990537
0.1238403062820435,0.6313008947814388
0.1331535320281982,0.6095300740789863
0.142466757774353,0.5884512730221666
0.1517799835205078,0.5680419821708672
0.1610932092666626,0.5482801872962887
0.1704064350128174,0.5291451900867613
0.1797196607589722,0.5106166175828021
0.189032886505127,0.4926748176807472
0.1983461122512817,0.47530117454062637
0.2076593379974365,0.4584773268564235
0.2169725637435913,0.44218562238517334
0.2262857894897461,0.42640931328542764
0.2355990152359009,0.41113148387988635
0.2449122409820557,0.3963367018710205
0.2542254667282104,0.3820092752176725
0.2635386924743652,0.3681345569088721
0.27285191822052,0.35469819124599367
0.2821651439666748,0.34168650517896293
0.2914783697128296,0.329085968436699
0.3007915954589844,0.31688398263551903
0.3101048212051392,0.3050682265980146
0.3194180469512939,0.2936268845655021
0.3287312726974487,0.28254861174938417
0.3380444984436035,0.2718224523317788
0.3473577241897583,0.2614378985389419
0.3566709499359131,0.2513849186960264
0.3659841756820679,0.24165379289323743
0.3752974014282227,0.23223515108219317
0.3846106271743774,0.22312020066977165
0.3939238529205322,0.21430006446019198
0.403237078666687,0.2057665216772938
0.4125503044128418,0.19751144445245372
0.4218635301589966,0.1895271154090095
0.4311767559051514,0.18180599666500166
0.4404899816513062,0.17434087944538015
0.4498032073974609,0.16712461273276752
0.4591164331436157,0.16015044369325174
0.4684296588897705,0.15341179721734927
0.4777428846359253,0.14690224578254016
0.4870561103820801,0.14061552282911552
0.4963693361282349,0.13454562385584515
0.5056825618743896,0.12868657716288995
0.5149957876205444,0.12303267894952802
0.5243090133666992,0.11757832085999666
0.533622239112854,0.11231811638421306
0.5429354648590088,0.10724673861410698
0.5522486906051636,0.10235898322793012
0.5615619163513184,0.09764987823077129
0.5708751420974731,0.09311447184179404
0.5801883678436279,0.08874796171028325
0.5895015935897827,0.08454565647174578
0.5988148193359375,0.08050292781963672
0.6081280450820923,0.07661533648784567
0.6174412708282471,0.07287847508866055
0.6267544965744019,0.0692880614187665
0.6360677223205566,0.06583985688118713
0.6453809480667114,0.06252975073884165
0.6546941738128662,0.05935372349582836
0.664007399559021,0.05630781309870983
0.6733206253051758,0.053388119264562474
0.6826338510513306,0.05059083041861485
0.6919470767974853,0.047912213641768564
0.7012603025436401,0.045348601498018226
0.7105735282897949,0.04289637452646628
0.7198867540359497,0.04055201512065525
0.7291999797821045,0.038312047807160604
0.7385132055282593,0.0361730512136513
0.7478264312744141,0.03413169198350453
0.7571396570205688,0.03218469241006386
0.7664528827667236,0.030328819327124217
0.7757661085128784,0.02856092157673117
0.7850793342590332,0.02687789172906018
0.794392560005188,0.025276705145707876
0.8037057857513428,0.02375438411109217
0.8130190114974976,0.022308010146171238
0.8223322372436523,0.020934723855181983
0.8316454629898071,0.019631739899845797
0.8409586887359619,0.01839631880265947
0.8502719144821167,0.017225804407238334
0.8595851402282715,0.016117589137047326
0.8688983659744263,0.015069121738962837
0.878211591720581,0.014077926450528985
0.8875248174667358,0.013141583043763626
0.8968380432128906,0.012257733606379448
0.9061512689590454,0.01142408471296502
0.9154644947052002,0.01063840974554653
0.924777720451355,0.00989853407423346
0.9340909461975098,0.009202361792706122
0.9434041719436644,0.00854785007482876
0.9527173976898192,0.0079330205807934
0.962030623435974,0.007355951997706666
0.9713438491821288,0.0068147909651100945
0.9806570749282836,0.006307747613983859
0.9899703006744384,0.0058330898654458865
0.9992835264205931,0.005389144493018288
1.0085967521667478,0.004974303120685262
1.017909977912903,0.004587009769613083
1.0272232036590578,0.004225775091415112
1.0365364294052122,0.0038891625782580585
1.045849655151367,0.003575795758865941
1.055162880897522,0.0032843512341001954
1.064476106643677,0.0030135638738986305
1.073789332389832,0.0027622187935063876
1.083102558135986,0.002529155807609451
1.092415783882141,0.0023132687287989997
1.101729009628296,0.0021134998286856423
1.111042235374451,0.0019288393690700036
1.120355461120605,0.0017583291826113088
1.12966868686676,0.0016010558432106115
1.138981912612915,0.0014561518593353172
1.14829513835907,0.00132279473531362
1.157608364105225,0.0012002036994343676
1.1669215898513792,0.0010876393380294773
1.1762348155975342,0.0009844030379807327
1.185548041343689,0.0008898350395671129
1.194861267089844,0.0008033119622485271
1.204174492835999,0.0007242475133571465
1.213487718582153,0.000652089025809766
1.2228009443283079,0.000586317531937619
1.2321141700744629,0.0005264452082299558
1.241427395820618,0.0004720153654398527
1.250740621566772,0.0004225996638176593
1.260053847312927,0.0003777973369589149
1.269367073059082,0.000337234598541042
1.278680298805237,0.0003005624084973189
1.287993524551392,0.0002674557547517567
1.297306750297546,0.00023761224509936398
1.306619976043701,0.00021075098344403058
1.315933201789856,0.00018661118958748408
1.325246427536011,0.00016495124395374933
1.334559653282166,0.0001455477631475093
1.34387287902832,0.00012819418624398168
1.353186104774475,0.00011270019914494367
1.3624993305206299,9.889030976921117e-05
1.3718125562667849,8.660331632571544e-05
1.3811257820129388,7.569100725757893e-05
1.390439007759094,6.601755707268574e-05
1.399752233505249,5.745866910014792e-05
1.409065459251404,4.9900708848922986e-05
1.4183786849975593,4.324001670955286e-05
1.4276919107437132,3.738219028188751e-05
1.4370051364898682,3.224138734075797e-05
1.4463183622360232,2.7739648595582766e-05
1.4556315879821784,2.3806424604955317e-05
1.4649448137283332,2.0377906830710565e-05
1.4742580394744866,1.7396404891124894e-05
1.4835712652206419,1.4810078953691218e-05
1.4928844909667969,1.2572226881716313e-05
1.5021977167129519,1.0640989456003718e-05
1.5115109424591058,8.978896741186593e-06
1.520824168205261,7.552452464711665e-06
1.530137393951416,6.331817164074035e-06
1.539450619697571,5.290448698676923e-06
1.5487638454437258,4.404792821065056e-06
1.5580770711898797,3.6540113038517222e-06
1.567390296936035,3.019708994010809e-06
1.57670352268219,2.485690627748919e-06
1.586016748428345,2.0377393649736073e-06
1.5953299741745002,1.6634036928730264e-06
1.604643199920654,1.3518196762617426e-06
1.613956425666809,1.0935365304479398e-06
1.623269651412964,8.803500539079038e-07
1.6325828771591193,7.051753062276918e-07
1.6418961029052732,5.619060085769284e-07
1.6512093286514282,4.4530210659267055e-07
1.660522554397583,3.5088472499701634e-07
1.669835780143738,2.7484090741679865e-07
1.6791490058898932,2.1393671991674853e-07
1.6884622316360467,1.6544352825894387e-07
1.697775457382202,1.270697581059471e-07
1.707088683128357,9.689874599401421e-08
1.716401908874512,7.333761622924204e-08
1.7257151346206672,5.5068747145686885e-08
1.735028360366821,4.1009435421190306e-08
1.7443415861129759,3.027455663244383e-08
1.7536548118591309,2.2145831457408443e-08
1.7629680376052859,1.6044256576641677e-08
1.7722812633514398,1.15063413494682e-08
1.781594489097595,8.164110643706673e-09
1.79090771484375,5.7276918778245446e-09
1.800220940589905,3.970803521070826e-09
1.8095341663360602,2.7184080635177787e-09
1.8188473920822141,1.8364410995435682e-09
1.8281606178283691,1.2233001834726073e-09
1.8374738435745241,8.028278590953544e-10
1.846787069320679,5.186371405508772e-10
1.8561002950668328,3.2949120138029156e-10
1.865413520812988,2.056467719469278e-10
1.874726746559143,1.2595703203364176e-10
1.884039972305298,7.561972017222425e-11
1.8933531980514533,4.4444107771443325e-11
1.9026664237976068,2.5537532835528594e-11
1.911979649543762,1.4325262069988287e-11
1.921292875289917,7.832886817579864e-12
1.9306061010360718,4.168050312335785e-12
1.9399193267822268,2.1546681909305623e-12
1.9492325525283807,1.0801108362636685e-12
1.958545778274536,5.240246543964992e-13
1.967859004020691,2.4556933730751037e-13
1.977172229766846,1.1093338707100695e-13
1.9864854555129998,4.820499709764485e-14
1.995798681259155,2.0108838339610505e-14
2.0051119070053103,8.0370024100319e-15
2.014425132751465,3.0718616717478e-15
2.0237383584976203,1.1212711036044388e-15
2.033051584243775,3.905771359041065e-16
2.042364809989929,1.297978664367651e-16
2.051678035736084,4.1193008921411473e-17
2.060991261482239,1.2508417841164637e-17
2.070304487228394,3.647509047053455e-18
2.079617712974549,1.0279554459623017e-18
2.0889309387207033,2.827962595244419e-19
2.098244164466858,7.691383976637791e-20
2.1075573902130134,2.1033970167663614e-20
2.116870615959168,5.900505045884046e-21
2.1261838417053216,1.7444948191710575e-21
2.135497067451477,5.594442167117418e-22
2.144810293197632,2.003708503671351e-22
2.154123518943787,8.256465617856646e-23
2.163436744689942,4.001138418417486e-23
2.172749970436096,2.3072567860830178e-23
2.182063196182251,1.5768984603160046e-23
2.191376421928406,1.2504670637418296e-23
2.200689647674561,1.1104298551433931e-23
2.210002873420716,1.0590622762963833e-23
2.2193160991668703,1.0456712861885633e-23
2.228629324913025,1.0439919914463273e-23
2.2379425506591804,1.0439682289318842e-23
2.247255776405335,1.0439681350266823e-23
2.2565690021514895,1.0437597193838087e-23
2.2658822278976443,1.0395548877463545e-23
2.275195453643799,1.0170356387181583e-23
2.2845086793899543,9.502688675473795e-24
2.293821905136109,8.15821180073176e-24
2.3031351308822634,6.1857856700049035e-24
2.312448356628418,4.018276699889481e-24
2.3217615823745734,2.2013819517719648e-24
2.331074808120728,1.0171840394030188e-24
2.3403880338668834,4.0208040020325647e-25
2.3497012596130373,1.392206443557225e-25
2.359014485359192,4.3410522931642896e-26
2.368327711105347,1.2566744975071195e-26
2.377640936851502,3.474246461673684e-27
2.3869541625976556,9.416126945350027e-28
2.3962673883438113,2.552894245413019e-28
2.405580614089966,7.035034441847164e-29
2.4148938398361213,1.996337733740304e-29
2.424207065582276,5.88710965428623e-30
2.4335202913284304,1.8148597964114874e-30
2.442833517074585,5.868696013478927e-31
2.4521467428207404,1.994753653164756e-31
2.461459968566895,7.130051101954453e-32
2.47077319431305,2.6778381936420547e-32
2.4800864200592043,1.0555000015490403e-32
2.489399645805359,4.358403522328888e-33
2.4987128715515143,1.8816109116171455e-33
2.508026097297669,8.474135266714198e-34
2.5173393230438235,3.971680616895808e-34
2.5266525487899782,1.9328067498032987e-34
2.5359657745361335,9.743840004681015e-35
2.5452790002822883,5.077308141612167e-35
2.5545922260284435,2.7287734869291544e-35
2.5639054517745965,1.5095859255318799e-35
2.573218677520752,8.580156959560098e-36
2.582531903266907,5.001551842885015e-36
2.591845129013062,2.9850579423156988e-36
2.601158354759217,1.8212299383095194e-36
2.6104715805053713,1.1342496111940223e-36
2.619784806251526,7.201170924526517e-37
2.6290980319976813,4.654884553436734e-37
2.638411257743836,3.060020986847934e-37
2.6477244834899905,2.0435204806575913e-37
2.6570377092361452,1.3849694981432816e-37
2.6663509349823,9.517121445478093e-38
2.6756641607284553,6.625282160511745e-38
2.68497738647461,4.6687224731390816e-38
2.6942906122207644,3.327770870275764e-38
2.703603837966919,2.397592117767553e-38
2.7129170637130744,1.7449534058626475e-38
2.722230289459229,1.2821031061097812e-38
2.7315435152053844,9.505007587321686e-39
2.7408567409515383,7.106413947119164e-39
2.7501699666976935,5.355553623751851e-39
2.7594831924438483,4.066522140578412e-39
2.768796418190003,3.109745033953677e-39
2.7781096439361566,2.39404775214228e-39
2.7874228696823122,1.8547863144640657e-39
2.796736095428467,1.4456426095618591e-39
2.8060493211746222,1.1331537525908353e-39
2.815362546920777,8.929991500920897e-40
2.8246757726669314,7.073289746133242e-40
2.8339889984130866,5.629729754169827e-40
2.8433022241592414,4.5013295961958265e-40
2.8526154499053966,3.6147659347907413e-40
2.8619286756515514,2.9147985098980637e-40
2.8712419013977053,2.3596008126401133e-40
2.88055512714386,1.917270970681698e-40
2.8898683528900153,1.5633840176949635e-40
2.89918157863617,1.279109206895815e-40
2.9084948043823236,1.0498806314600115e-40
2.9178080301284783,8.643621657769405e-41
2.927121255874634,7.136942222750205e-41
2.936434481620789,5.909190677117905e-41
2.945747707366944,4.905539598948465e-41
2.9550609331130984,4.082582205312078e-41
2.964374158859253,3.405811962315253e-41
2.9736873846054084,2.847725523214903e-41
2.983000610351563,2.3862802579208727e-41
2.9923138360977184,2.0037587064045711e-41
3.0016270618438723,1.6858936382408256e-41
3.010940287590027,1.4211401951525593e-41
3.020253513336182,1.2001269663370325e-41
3.029566739082337,1.0152355665639103e-41
3.0388799648284914,8.602421351506647e-42
3.0481931905746467,7.300593357445722e-42
3.0575064163208014,6.205087428383884e-42
3.0668196420669562,5.281550285351654e-42
3.0761328678131115,4.501629531934439e-42
3.0854460935592654,3.841913524997329e-42
3.09475931930542,3.282989794251139e-42
3.1040725450515754,2.8087342837221816e-42
3.11338577079773,2.4057420784062484e-42
3.1226989965438836,2.0628233276293002e-42
3.1320122222900384,1.7706225280425843e-42
3.141325448036194,1.521328441853521e-42
3.150638673782349,1.3083784873459073e-42
3.159951899528504,1.1262586386451892e-42
3.1692651252746584,9.703265876477835e-43
3.178578351020813,8.36673265384633e-43
3.1878915767669684,7.220000162900466e-43
3.1972048025131232,6.235105591588774e-43
3.2065180282592785,5.388412686357289e-43
3.2158312540054315,4.659875449052162e-43
3.225144479751587,4.032451571930194e-43
3.234457705497742,3.491648206749056e-43
3.243770931243897,3.0251466763162377e-43
3.2530841569900515,2.6224285429578078e-43
3.2623973827362063,2.274520794523806e-43
3.2717106084823615,1.9737538211262466e-43
3.2810238342285163,1.7135632128902682e-43
3.2903370599746715,1.4883327775882292e-43
3.2996502857208254,1.2932515717240965e-43
3.30896351146698,1.1241859859007461e-43
3.318276737213135,9.77584147818132e-44
3.32758996295929,8.503991394746743e-44
3.336903188705445,7.400016563297583e-44
3.3462164144515985,6.441302749736595e-44
3.355529640197754,5.608389114750479e-44
3.364842865943909,4.884455342896542e-44
3.374156091690064,4.25499660066961e-44
3.3834693174362185,3.707476480390251e-44
3.3927825431823733,3.231064809213311e-44
3.4020957689285285,2.8163875270111697e-44
3.4114089946746833,2.455333701057901e-44
3.420722220420838,2.1408832923179304e-44
3.4300354461669915,1.866944894998768e-44
3.439348671913147,1.6282380923501632e-44
3.448661897659302,1.420188228044514e-44
3.457975123405457,1.2388186278433027e-44
3.467288349151612,1.0806776866860547e-44
3.4766015748977663,9.427678920831161e-45
3.4859148006439216,8.224820329947404e-45
3.4952280263900763,7.175534543959834e-45
3.5045412521362316,6.26010376985485e-45
3.5138544778823846,5.4613763694349616e-45
3.5231677036285403,4.7644162556928054e-45
3.532480929374695,4.156201594184929e-45
3.5417941551208503,3.6254107147838575e-45
3.551107380867005,3.16217512432525e-45
3.5604206066131585,2.7578847727878765e-45
3.569733832359314,2.4050375809769578e-45
3.579047058105469,2.097087556428119e-45
3.5883602838516238,1.828330332003892e-45
3.597673509597779,1.593784872708482e-45
3.6069867353439333,1.3891102742602548e-45
3.616299961090088,1.2105140045476207e-45
3.6256131868362433,1.0546835717551922e-45
3.634926412582398,9.187332538022446e-46
3.6442396383285516,8.001372695362015e-46
3.6535528640747073,6.9669662903892235e-46
3.662866089820862,6.064853772678577e-46
3.6721793155670173,5.278238790392502e-46
3.681492541313172,4.592441965079364e-46
3.6908057670593264,3.9946590376781825e-46
3.7001189928054816,3.47369073366646e-46
3.7094322185516364,3.0197576168802733e-46
3.718745444297791,2.6243322516411165e-46
3.7280586700439464,2.2799476171058385e-46
3.7373718957901003,1.980088965046788e-46
3.746685121536255,1.7190679941862084e-46
3.7559983472824103,1.4919170438935346e-46
3.765311573028565,1.2943022056923677e-46
3.7746247987747186,1.1224305923570393e-46
3.7839380245208734,9.729952185847846e-47
3.793251250267029,8.431096341224234e-47
3.802564476013184,7.302545648333712e-47
3.811877701759339,6.322301429373425e-47
3.8211909275054934,5.471213649554807e-47
3.830504153251648,4.73251849510007e-47
3.8398173789978034,4.0916472776737883e-47
3.849130604743958,3.5358534680365345e-47
3.8584438304901134,3.0540451316468987e-47
3.8677570562362673,2.6365553132416e-47
3.877070281982422,2.274953684405578e-47
3.886383507728577,1.9619016612191064e-47
3.895696733474732,1.6910114345767462e-47
3.9050099592208865,1.456715584001354e-47
3.9143231849670412,1.2541702351608268e-47
3.9236364107131965,1.0791621767532026e-47
3.9329496364593513,9.280241018471591e-48
3.9422628622055065,7.9757038060085e-48
3.9515760879516604,6.85032321736238e-48
3.960889313697815,5.880031401342689e-48
3.9702025394439704,5.043937546740296e-48
3.979515765190125,4.323884973698463e-48
3.98882899093628,3.704158084130529e-48
3.9981422166824334,3.171096828462327e-48
4.007455442428589,2.7128687559257705e-48
4.016768668174744,2.3192164903842905e-48
4.026081893920899,1.9812632987820913e-48
4.035395119667053,1.691321601513736e-48
4.044708345413208,1.4427341994555476e-48
4.054021571159363,1.229752743790025e-48
4.063334796905518,1.0474067151926108e-48
4.0726480226516735,8.914001558255523e-49
4.0819612483978265,7.580274736349454e-49
4.091274474143982,6.4408838540235104e-49
4.100587699890137,5.468260594252888e-49
4.109900925636292,4.6386245239679034e-49
4.1192141513824465,3.93152222682988e-49
4.128527377128601,3.329339484793229e-49
4.137840602874756,2.8169140198145898e-49
4.147153828620911,2.3812397128502867e-49
4.1564670543670665,2.011134064494265e-49
4.16578028011322,1.6969939384256644e-49
4.175093505859375,1.4305904002835145e-49
4.18440673160553,1.2048683526203231e-49
4.193719957351685,1.013789239811276e-49
4.20303318309784,8.52183699937905e-50
4.2123464088439935,7.156308346846367e-50
4.221659634590149,6.003577346906661e-50
4.230972860336304,5.031410376647018e-50
4.240286086082459,4.2123219373289775e-50
4.2495993118286135,3.522883933643369e-50
4.258912537574768,2.943171345466735e-50
4.268225763320923,2.456208387898794e-50
4.277538989067078,2.0475740725435454e-50
4.286852214813233,1.7050462716900396e-50
4.2961654405593865,1.4182271603216728e-50
4.305478666305542,1.178317284696663e-50
4.314791892051697,9.778668255817688e-51
4.324105117797852,8.105700309268518e-51
4.333418343544007,6.711013287514944e-51
4.342731569290161,5.549652117975449e-51
4.352044795036316,4.583693381037472e-51
4.361358020782471,3.781229042896041e-51
4.370671246528627,3.115366251194158e-51
4.37998447227478,2.5635177233705067e-51
4.389297698020935,2.1067406985983756e-51
4.39861092376709,1.729118373813745e-51
4.407924149513245,1.4173196634100914e-51
4.4172373752594005,1.160199131875461e-51
4.4265506010055535,9.484468395642714e-52
4.435863826751709,7.74288511054453e-52
4.445177052497863,6.312373565691331e-52
4.454490278244019,5.13897993746324e-52
4.463803503990174,4.177790448979852e-52
4.473116729736328,3.391519081356098e-52
4.482429955482483,2.749212711393976e-52
4.491743181228638,2.2252852521609342e-52
4.501056406974793,1.7985425928809456e-52
4.5103696327209475,1.4514572901437082e-52
4.519682858467101,1.169572958515795e-52
4.528996084213257,9.4097373896195e-53
4.538309309959412,7.558672165014652e-53
4.547622535705567,6.06214971408138e-53
4.556935761451721,4.8541810786442335e-53
4.566248987197876,3.8806559864741718e-53
4.575562212944031,3.097236939882015e-53
4.584875438690187,2.4679101519919972e-53
4.5941886644363406,1.9631108646403715e-53
4.603501890182495,1.5589128319161558e-53
4.61281511592865,1.2359122639266008e-53
4.622128341674805,9.779592419557045e-54
4.63144156742096,7.728150538299319e-54
4.640754793167113,6.095100270252983e-54
4.650068018913268,4.7982241698651186e-54
4.659381244659424,3.7704997348872026e-54
4.668694470405579,2.9574150556527426e-54
4.678007696151734,2.3154003350464164e-54
4.6873209218978875,1.809415349315132e-54
4.696634147644043,1.4112685355219483e-54
4.705947373390198,1.0986012444190643e-54
4.715260599136354,8.535474734217562e-55
4.7245738248825075,6.618578786036719e-55
4.733887050628662,5.122004397212932e-55
4.743200276374816,3.955785964691438e-55
4.752513502120972,3.0488844817661283e-55
4.761826727867127,2.3450207858347637e-55
4.7711399536132815,1.7998779091095616e-55
4.780453179359436,1.3785581852663865e-55
4.789766405105591,1.0536002521084188e-55
4.799079630851746,8.035073287817615e-56
4.8083928565979015,6.114352290630011e-56
4.8177060823440545,4.642483247617024e-56
4.82701930809021,3.5169770091564164e-56
4.836332533836365,2.658337587242179e-56
4.84564575958252,2.0047387081198039e-56
4.8549589853286745,1.5083235393312186e-56
4.864272211074829,1.1321527928731896e-56
4.873585436820983,8.47789230363773e-57
4.882898662567139,6.333242856842216e-57
4.892211888313294,4.7196342040128685e-57
4.9015251140594485,3.5085286830114523e-57
4.910838339805603,2.601723201196212e-57
4.920151565551758,1.9244397517421427e-57
4.929464791297913,1.4198512856740152e-57
4.9387780170440685,1.0448697992417063e-57
4.9480912427902215,7.669204979999451e-58
4.957404468536377,5.6143226719165996e-58
4.966717694282532,4.099041187739965e-58
4.976030920028687,2.9846647807601597e-58
4.9853441457748415,2.1673212884718455e-58
4.994657371520996,1.5694750612244375e-58
5.003970597267151,1.1333713340748291e-58
5.013283823013307,8.161410685302494e-59
5.022597048759461,5.860264966784138e-59
5.0319102745056155,4.195808011661795e-59
5.041223500251769,2.995352328303925e-59
5.050536725997925,2.1320501355421618e-59
5.05984995174408,1.5130135303464684e-59
5.0691631774902355,1.0704752705258703e-59
5.0784764032363885,7.550545790978259e-60
5.087789628982544,5.309261782116941e-60
5.097102854728699,3.7216097368647367e-60
5.106416080474854,2.600477548648067e-60
5.1157293062210085,1.8112619485299366e-60
5.125042531967163,1.2574785231748122e-60
5.134355757713318,8.701528182410261e-61
5.143668983459473,6.001275464577831e-61
5.152982209205628,4.125034907949467e-61
5.1622954349517824,2.82575730282646e-61
5.171608660697936,1.9290970212672915e-61
5.180921886444092,1.3123925448781273e-61
5.190235112190247,8.896832517507317e-62
5.1995483379364025,6.009810160702331e-62
5.208861563682556,4.045026852103593e-62
5.218174789428711,2.7126284206250657e-62
5.227488015174866,1.8123863386878951e-62
5.236801240921022,1.2063824166502076e-62
5.2461144666671755,7.999713865147005e-63
5.25542769241333,5.284496799341425e-63
5.264740918159485,3.4773054758394945e-63
5.27405414390564,2.2791622917070356e-63
5.283367369651795,1.4879295104944608e-63
5.292680595397949,9.674744038510378e-64
5.301993821144103,6.265045640309318e-64
5.311307046890259,4.0402929401824774e-64
5.320620272636414,2.5946993689273185e-64
5.329933498382569,1.6592833672278248e-64
5.3392467241287225,1.0565962951500388e-64
5.348559949874878,6.699177023692715e-65
5.357873175621033,4.228873529294276e-65
5.367186401367189,2.6576723086663334e-65
5.3764996271133425,1.6627694451932691e-65
5.385812852859497,1.0355778351856037e-65
5.395126078605652,6.419971799570753e-66
5.404439304351807,3.9615216561669376e-66
5.413752530097962,2.43296297209218e-66
5.423065755844116,1.487076122325429e-66
5.432378981590271,9.045418977969279e-67
5.441692207336426,5.475058919864703e-67
5.451005433082581,3.2976413279550334e-67
5.4603186588287365,1.976214290053081e-67
5.46963188457489,1.1782671945637159e-67
5.478945110321045,6.989018259806395e-68
5.4882583360672,4.123945837103448e-68
5.497571561813356,2.4205867361699725e-68
5.5068847875595095,1.413182579816528e-68
5.516198013305664,8.205869137901791e-69
5.525511239051819,4.738786828831542e-69
5.534824464797974,2.7214561537419364e-69
5.544137690544129,1.5541023057240266e-69
5.553450916290283,8.824251892555268e-70
5.562764142036438,4.9815740332658565e-70
5.572077367782593,2.79582435143171e-70
5.581390593528748,1.5597978427444432e-70
5.5907038192749035,8.649900522164925e-71
5.600017045021057,4.767706075362497e-71
5.609330270767212,2.6116895237053294e-71
5.618643496513367,1.4217496799477328e-71
5.627956722259522,7.691242643264216e-72
5.6372699480056765,4.1339327484952595e-72
5.646583173751831,2.2075106792172933e-72
5.655896399497986,1.1710598369499185e-72
5.665209625244142,6.17100876868244e-73
5.674522850990296,3.2299037354676026e-73
5.68383607673645,1.6789703012240355e-73
5.693149302482605,8.667134283840743e-74
5.70246252822876,4.4425952218909906e-74
5.711775753974915,2.261040674912903e-74
5.7210889797210704,1.142423911582287e-74
5.730402205467224,5.730105132619025e-75
5.739715431213379,2.8527299102902086e-75
5.749028656959534,1.4095250469211374e-75
5.758341882705689,6.911565963394264e-76
5.7676551084518435,3.362873454613979e-76
5.7769683341979965,1.6234231936375795e-76
5.786281559944153,7.774582163769218e-77
5.795594785690308,3.6932559663372184e-77
5.804908011436463,1.7401650048969326e-77
5.814221237182617,8.131357975040492e-78
5.823534462928772,3.7678120311365213e-78
5.832847688674928,1.7309476896318743e-78
5.842160914421082,7.883419575486399e-79
5.851474140167237,3.5589918414838694e-79
5.860787365913391,1.5924395226540124e-79
5.870100591659546,7.061067672823864e-80
5.879413817405701,3.102354966556471e-80
5.888727043151857,1.3504690335372188e-80
5.8980402688980105,5.823392942815137e-81
5.907353494644165,2.4872248397742403e-81
5.91666672039032,1.0520406836262187e-81
5.925979946136475,4.406164879510165e-82
5.93529317188263,1.827089395692028e-82
5.944606397628784,7.4997780689272e-83
5.953919623374939,3.046950657757913e-83
5.963232849121094,1.2249977367142392e-83
5.972546074867249,4.8731416736710135e-84
5.9818593006134035,1.9178571123912057e-84
5.991172526359558,7.465988203662426e-85
6.000485752105713,2.874497534986151e-85
6.009798977851868,1.0943779220486419e-85
6.019112203598023,4.119171095108667e-86
6.0284254293441775,1.532560917539366e-86
6.037738655090332,5.635272678124239e-87
6.047051880836487,2.047522222602958e-87
6.056365106582643,7.349967925210283e-88
6.0656783323287975,2.6061334147888295e-88
6.074991558074951,9.12653336463072e-89
6.084304783821106,3.155700796795229e-89
6.093618009567262,1.0771801085423169e-89
6.102931235313416,3.62928558778591e-90
6.112244461059571,1.2066211825625309e-90
6.121557686805725,3.9578140947076203e-91
6.13087091255188,1.2805270017208384e-91
6.140184138298035,4.085709505988962e-92
6.149497364044191,1.285257887916122e-92
6.1588105897903445,3.985445320333881e-93
6.168123815536499,1.2179885592696094e-93
6.177437041282654,3.667718247004095e-94
6.186750267028809,1.0879104240396233e-94
6.196063492774964,3.178198681125761e-95
6.205376718521117,9.142298262790387e-96
6.214689944267273,2.5885769356761714e-96
6.224003170013428,7.212441328863551e-97
6.233316395759583,1.9770803340840518e-97
6.2426296215057375,5.330495390582041e-98
6.251942847251892,1.413241284642517e-98
6.261256072998048,3.683419247618547e-99
6.270569298744202,9.434770348925827e-100
6.2798825244903576,2.3742202673943257e-100
6.2891957502365115,5.867847839845126e-101
6.298508975982666,1.4239616997016869e-101
6.307822201728821,3.3918966047555992e-102
6.317135427474977,7.929038677067901e-103
6.326448653221131,1.8181419712493754e-103
6.335761878967285,4.088364238851246e-104
6.34507510471344,9.0129231327877e-105
6.354388330459595,1.9474398598106375e-105
6.36370155620575,4.1224142354540797e-106
6.373014781951905,8.54599305812926e-107
6.382328007698059,1.734514212090321e-107
6.391641233444214,3.445390540746044e-108
6.400954459190369,6.695180520676907e-109
6.410267684936524,1.2722346578729554e-109
6.419580910682678,2.3631586204030873e-110
6.4288941364288315,4.28968940715607e-111
6.438207362174988,7.605441716089877e-112
6.447520587921143,1.3164575514564128e-112
6.456833813667298,2.223743775349971e-113
6.466147039413452,3.6647735913467855e-114
6.475460265159607,5.889451032940595e-115
6.484773490905763,9.224817359984702e-116
6.494086716651918,1.4077034707652534e-116
6.503399942398072,2.0917377063471606e-117
6.512713168144226,3.0251123877171666e-118
6.522026393890381,4.2564951887322166e-119
6.531339619636536,5.822760903803409e-120
6.5406528453826915,7.740803424280976e-121
6.549966071128845,9.994732344190176e-122
6.559279296875,1.2529235599809302e-122
6.568592522621155,1.5240240790792693e-123
6.57790574836731,1.7978825585255805e-124
6.587218974113465,2.0557478089749005e-125
6.596532199859619,2.2765941409695985e-126
6.605845425605774,2.4402317939805673e-127
6.615158651351929,2.530630360098163e-128
6.624471877098084,2.537065364421309e-129
6.6337851028442385,2.457064922495531e-130
6.643098328590393,2.298058597778644e-131
6.652411554336548,2.0738742988486335e-132
6.661724780082703,1.805117315289466e-133
6.671038005828858,1.513950773842386e-134
6.680351231575012,1.2228549513314927e-135
6.689664457321168,9.50434635299472e-137
6.698977683067322,7.102041023028021e-138
6.708290908813478,5.0979432736380694e-139
6.7176041345596325,3.5137757602608423e-140
6.726917360305786,2.3231945664202875e-141
6.736230586051941,1.4728702588903556e-142
6.745543811798097,8.941755386925138e-144
6.754857037544251,5.196144792484676e-145
6.7641702632904055,2.888370118837744e-146
6.77348348903656,1.5329953627957269e-147
6.782796714782715,7.7628290227426784e-149
6.79210994052887,3.748841068197831e-150
6.8014231662750255,1.725637125539161e-151
6.810736392021179,7.560272030693979e-153
6.820049617767334,3.14939941028544e-154
6.829362843513489,1.2462388830612566e-155
6.838676069259644,4.6798007506486487e-157
6.847989295005799,1.665680889776312e-158
6.857302520751952,5.615279133162811e-160
6.866615746498108,1.7895191413473075e-161
6.875928972244263,5.388503841086976e-163
6.885242197990418,1.5313331047831362e-164
6.8945554237365725,4.101684802108507e-166
6.903868649482727,1.0345037150206114e-167
6.913181875228883,2.4553365282155245e-169
6.922495100975037,5.47246287532395e-171
6.9318083267211925,1.144279518767741e-172
6.941121552467346,2.2408200488258074e-174
6.950434778213501,4.105805983037763e-176
6.959748003959656,7.030071532825397e-178
6.969061229705812,1.1230028674316727e-179
6.9783744554519656,1.6709073648225683e-181
6.98768768119812,2.3135689389938144e-183
6.997000906944275,2.9756611481230904e-185
7.00631413269043,3.5514115192397324e-187
7.015627358436585,3.928891384440903e-189
7.024940584182738,4.017345267440898e-191
7.034253809928894,3.7958046699756683e-193
7.043567035675049,3.3077408487380978e-195
7.052880261421204,2.6546361886758178e-197
7.062193487167359,1.958217614685787e-199
7.071506712913513,1.327018973475625e-201
7.080819938659668,8.237610099006599e-204
7.090133164405823,4.671044730321531e-206
7.099446390151978,2.4193222848248436e-208
7.1087596158981325,1.143887803094592e-210
7.118072841644287,4.919472748931978e-213
7.127386067390442,1.9200863329000436e-215
7.136699293136598,6.786617576491474e-218
7.146012518882753,2.1740835466039733e-220
7.1553257446289065,6.285959757685772e-223
7.164638970375061,1.640383491282329e-225
7.173952196121216,3.853966928207255e-228
7.183265421867371,8.145168000650914e-231
7.1925786476135265,1.545100680733427e-233
7.20189187335968,2.6277119937436126e-236
7.211205099105835,3.994879066646418e-239
7.22051832485199,5.4327846509590675e-242
7.229831550598145,6.584463949639915e-245
7.2391447763442995,7.104832338784828e-248
7.248458002090454,6.818940260686851e-251
7.257771227836609,5.8142934324085215e-254
7.267084453582764,4.394034474609988e-257
7.276397679328919,2.9445141462920054e-260
7.285710905075072,1.747174135138724e-263
7.295024130821228,9.172332291981893e-267
7.304337356567383,4.2470930333267945e-270
7.313650582313538,1.7350683880709508e-273
7.322963808059693,6.233513587074594e-277
7.332277033805847,1.9758420022109313e-280
7.341590259552003,5.521077860578641e-284
7.350903485298157,1.3593841266388378e-287
7.360216711044313,2.9524713503823446e-291
7.369529936790467,5.646875705162228e-295
7.378843162536621,9.51591119897947e-299
7.388156388282776,1.416967629507732e-302
7.397469614028932,1.8694649973787624e-306
7.406782839775086,2.18967324546135e-310
7.4160960655212405,2.278959275e-314
7.425409291267395,2.11301e-318
7.43472251701355,1.73e-322
7.444035742759705,0.0
7.4533489685058605,0.0
7.462662194252014,0.0
7.471975419998169,0.0
7.481288645744324,0.0
7.490601871490479,0.0
7.4999150972366335,0.0
7.5092283229827865,0.0
7.518541548728943,0.0
7.527854774475098,0.0
7.537168000221253,0.0
7.5464812259674074,0.0
7.555794451713562,0.0
7.565107677459718,0.0
7.574420903205872,0.0
7.5837341289520275,0.0
7.593047354698181,0.0
7.602360580444336,0.0
7.611673806190491,0.0
7.620987031936647,0.0
7.6303002576828005,0.0
7.639613483428955,0.0
7.64892670917511,0.0
7.658239934921265,0.0
7.66755316066742,0.0
7.676866386413574,0.0
7.686179612159729,0.0
7.695492837905884,0.0
7.704806063652039,0.0
7.714119289398194,0.0
7.723432515144348,0.0
7.732745740890503,0.0
7.742058966636658,0.0
7.751372192382813,0.0
7.7606854181289675,0.0
7.769998643875122,0.0
7.779311869621277,0.0
7.788625095367433,0.0
7.7979383211135875,0.0
7.807251546859741,0.0
7.816564772605896,0.0
7.825877998352051,0.0
7.835191224098206,0.0
7.8445044498443615,0.0
7.853817675590515,0.0
7.86313090133667,0.0
7.872444127082825,0.0
7.881757352828981,0.0
7.8910705785751345,0.0
7.900383804321289,0.0
7.909697030067444,0.0
7.919010255813599,0.0
7.928323481559754,0.0
7.937636707305907,0.0
7.946949933052063,0.0
7.956263158798218,0.0
7.965576384544373,0.0
7.974889610290528,0.0
7.984202836036682,0.0
7.993516061782838,0.0
8.002829287528991,0.0
8.012142513275148,0.0
8.021455739021302,0.0
8.030768964767457,0.0
8.040082190513612,0.0
8.049395416259769,0.0
8.058708642005923,0.0
8.068021867752076,0.0
8.077335093498231,0.0
8.086648319244388,0.0
8.09596154499054,0.0
8.105274770736695,0.0
8.114587996482848,0.0
8.123901222229005,0.0
8.13321444797516,0.0
8.142527673721316,0.0
8.151840899467468,0.0
8.161154125213624,0.0
8.170467350959777,0.0
8.179780576705934,0.0
8.189093802452089,0.0
8.198407028198242,0.0
8.207720253944396,0.0
8.217033479690553,0.0
8.226346705436706,0.0
8.235659931182862,0.0
8.244973156929017,0.0
8.254286382675174,0.0
8.263599608421327,0.0
8.272912834167483,0.0
8.282226059913636,0.0
8.291539285659791,0.0
8.300852511405946,0.0
8.310165737152102,0.0
8.319478962898256,0.0
8.32879218864441,0.0
8.338105414390565,0.0
8.34741864013672,0.0
8.356731865882875,0.0
8.366045091629028,0.0
8.375358317375182,0.0
8.384671543121339,0.0
8.393984768867494,0.0
8.403297994613649,0.0
8.412611220359802,0.0
8.421924446105956,0.0
8.431237671852111,0.0
8.440550897598268,0.0
8.449864123344422,0.0
8.459177349090577,0.0
8.468490574836732,0.0
8.477803800582889,0.0
8.487117026329043,0.0
8.496430252075196,0.0
8.505743477821351,0.0
8.515056703567506,0.0
8.52436992931366,0.0
8.533683155059817,0.0
8.542996380805969,0.0
8.552309606552125,0.0
8.56162283229828,0.0
8.570936058044435,0.0
8.580249283790588,0.0
8.589562509536744,0.0
8.598875735282897,0.0
8.608188961029054,0.0
8.617502186775209,0.0
8.626815412521362,0.0
8.636128638267516,0.0
8.645441864013673,0.0
8.654755089759826,0.0
8.664068315505983,0.0
8.673381541252137,0.0
8.682694766998294,0.0
8.692007992744447,0.0
8.701321218490603,0.0
8.710634444236755,0.0
8.719947669982911,0.0
8.729260895729066,0.0
8.738574121475223,0.0
8.747887347221376,0.0
8.75720057296753,0.0
8.766513798713683,0.0
8.77582702445984,0.0
8.785140250205995,0.0
8.794453475952151,0.0
8.803766701698304,0.0
8.81307992744446,0.0
8.822393153190612,0.0
8.83170637893677,0.0
8.841019604682922,0.0
8.850332830429078,0.0
8.859646056175231,0.0
8.868959281921386,0.0
8.878272507667543,0.0
8.887585733413697,0.0
8.89689895915985,0.0
8.906212184906009,0.0
8.915525410652162,0.0
8.924838636398318,0.0
8.93415186214447,0.0
8.943465087890628,0.0
8.952778313636781,0.0
8.962091539382936,0.0
8.971404765129089,0.0
8.980717990875243,0.0
8.9900312166214,0.0
8.999344442367555,0.0
9.008657668113711,0.0
9.017970893859863,0.0
9.02728411960602,0.0
9.036597345352174,0.0
9.045910571098327,0.0
9.055223796844485,0.0
9.064537022590637,0.0
9.073850248336793,0.0
9.083163474082946,0.0
9.092476699829104,0.0
9.101789925575256,0.0
9.111103151321412,0.0
9.120416377067569,0.0
9.129729602813724,0.0
9.139042828559877,0.0
9.148356054306033,0.0
9.157669280052184,0.0
9.16698250579834,0.0
9.176295731544496,0.0
9.185608957290652,0.0
9.194922183036804,0.0
9.204235408782962,0.0
9.213548634529117,0.0
9.22286186027527,0.0
9.232175086021423,0.0
9.241488311767581,0.0
9.250801537513734,0.0
9.260114763259887,0.0
9.269427989006042,0.0
9.278741214752197,0.0
9.288054440498351,0.0
9.297367666244508,0.0
9.306680891990665,0.0
9.31599411773682,0.0
9.325307343482972,0.0
9.334620569229127,0.0
9.343933794975284,0.0
9.353247020721435,0.0
9.362560246467591,0.0
9.371873472213746,0.0
9.3811866979599,0.0
9.390499923706058,0.0
9.399813149452212,0.0
9.409126375198364,0.0
9.418439600944518,0.0
9.427752826690677,0.0
9.43706605243683,0.0
9.446379278182985,0.0
9.455692503929141,0.0
9.465005729675292,0.0
9.474318955421447,0.0
9.483632181167604,0.0
9.492945406913757,0.0
9.502258632659911,0.0
9.511571858406068,0.0
9.520885084152225,0.0
9.530198309898376,0.0
9.539511535644534,0.0
9.548824761390687,0.0
9.558137987136842,0.0
9.567451212882995,0.0
9.576764438629153,0.0
9.586077664375306,0.0
9.595390890121461,0.0
9.604704115867618,0.0
9.614017341613772,0.0
9.623330567359924,0.0
9.63264379310608,0.0
9.641957018852237,0.0
9.651270244598392,0.0
9.660583470344543,0.0
9.6698966960907,0.0
9.679209921836852,0.0
9.688523147583007,0.0
9.697836373329164,0.0
9.707149599075318,0.0
9.716462824821472,0.0
9.725776050567626,0.0
9.735089276313783,0.0
9.744402502059938,0.0
9.75371572780609,0.0
9.763028953552249,0.0
9.772342179298402,0.0
9.781655405044557,0.0
9.790968630790713,0.0
9.800281856536868,0.0
9.80959508228302,0.0
9.818908308029176,0.0
9.828221533775332,0.0
9.837534759521484,0.0
9.84684798526764,0.0
9.856161211013797,0.0
9.865474436759948,0.0
9.874787662506103,0.0
9.88410088825226,0.0
9.893414113998414,0.0
9.902727339744567,0.0
9.912040565490726,0.0
9.92135379123688,0.0
9.930667016983033,0.0
9.939980242729186,0.0
9.949293468475345,0.0
9.958606694221498,0.0
9.967919919967652,0.0
9.977233145713805,0.0
9.986546371459964,0.0
9.995859597206117,0.0
10.00517282295227,0.0
10.01448604869843,0.0
10.02379927444458,0.0
10.033112500190741,0.0
10.04242572593689,0.0
10.05173895168305,0.0
10.061052177429199,0.0
10.07036540317536,0.0
10.07967862892151,0.0
10.08899185466766,0.0
10.098305080413821,0.0
10.10761830615997,0.0
10.11693153190613,0.0
10.126244757652278,0.0
10.13555798339844,0.0
10.14487120914459,0.0
10.15418443489075,0.0
10.163497660636901,0.0
10.17281088638306,0.0
10.18212411212921,0.0
10.191437337875369,0.0
10.20075056362152,0.0
10.210063789367679,0.0
10.21937701511383,0.0
10.22869024085999,0.0
10.23800346660614,0.0
10.247316692352301,0.0
10.256629918098449,0.0
10.26594314384461,0.0
10.275256369590759,0.0
10.28456959533692,0.0
10.29388282108307,0.0
10.303196046829221,0.0
10.312509272575381,0.0
10.321822498321529,0.0
10.331135724067689,0.0
10.34044894981384,0.0
10.34976217556,0.0
10.35907540130615,0.0
10.36838862705231,0.0
10.377701852798461,0.0
10.38701507854462,0.0
10.396328304290769,0.0
10.40564153003693,0.0
10.41495475578308,0.0
10.42426798152924,0.0
10.43358120727539,0.0
10.442894433021552,0.0
10.4522076587677,0.0
10.46152088451386,0.0
10.470834110260009,0.0
10.480147336006171,0.0
10.48946056175232,0.0
10.49877378749848,0.0
10.508087013244632,0.0
10.51740023899078,0.0
10.52671346473694,0.0
10.536026690483089,0.0
10.545339916229251,0.0
10.5546531419754,0.0
10.56396636772156,0.0
10.573279593467712,0.0
10.58259281921387,0.0
10.59190604496002,0.0
10.60121927070618,0.0
10.61053249645233,0.0
10.61984572219849,0.0
10.62915894794464,0.0
10.6384721736908,0.0
10.64778539943695,0.0
10.657098625183108,0.0
10.66641185092926,0.0
10.67572507667542,0.0
10.68503830242157,0.0
10.694351528167731,0.0
10.70366475391388,0.0
10.712977979660039,0.0
10.722291205406188,0.0
10.73160443115234,0.0
10.740917656898501,0.0
10.75023088264465,0.0
10.759544108390811,0.0
10.76885733413696,0.0
10.77817055988312,0.0
10.78748378562927,0.0
10.79679701137543,0.0
10.80611023712158,0.0
10.81542346286774,0.0
10.824736688613891,0.0
10.834049914360051,0.0
10.843363140106199,0.0
10.852676365852359,0.0
10.86198959159851,0.0
10.87130281734467,0.0
10.88061604309082,0.0
10.88992926883698,0.0
10.89924249458313,0.0
10.90855572032929,0.0
10.917868946075439,0.0
10.927182171821599,0.0
10.936495397567748,0.0
10.945808623313901,0.0
10.955121849060061,0.0
10.964435074806211,0.0
10.973748300552367,0.0
10.98306152629852,0.0
10.99237475204468,0.0
11.00168797779083,0.0
11.01100120353699,0.0
11.02031442928314,0.0
11.029627655029302,0.0
11.03894088077545,0.0
11.04825410652161,0.0
11.057567332267759,0.0
11.06688055801392,0.0
11.07619378376007,0.0
11.08550700950623,0.0
11.09482023525238,0.0
11.10413346099854,0.0
11.11344668674469,0.0
11.12275991249085,0.0
11.132073138236999,0.0
11.141386363983159,0.0
11.150699589729312,0.0
11.160012815475461,0.0
11.169326041221618,0.0
11.17863926696777,0.0
11.187952492713931,0.0
11.19726571846008,0.0
11.20657894420624,0.0
11.21589216995239,0.0
11.22520539569855,0.0
11.2345186214447,0.0
11.24383184719086,0.0
11.25314507293701,0.0
11.26245829868317,0.0
11.27177152442932,0.0
11.28108475017548,0.0
11.29039797592163,0.0
11.299711201667789,0.0
11.30902442741394,0.0
11.3183376531601,0.0
11.32765087890625,0.0
11.33696410465241,0.0
11.346277330398559,0.0
11.35559055614472,0.0
11.364903781890868,0.0
11.374217007637029,0.0
11.383530233383178,0.0
11.392843459129331,0.0
11.402156684875491,0.0
11.41146991062164,0.0
11.4207831363678,0.0
11.43009636211395,0.0
11.43940958786011,0.0
11.44872281360626,0.0
11.45803603935242,0.0
11.46734926509857,0.0
11.476662490844731,0.0
11.48597571659088,0.0
11.495288942337039,0.0
11.504602168083188,0.0
11.51391539382935,0.0
11.5232286195755,0.0
11.53254184532166,0.0
11.54185507106781,0.0
11.55116829681397,0.0
11.560481522560119,0.0
11.569794748306279,0.0
11.579107974052429,0.0
11.588421199798589,0.0
11.597734425544742,0.0
11.607047651290891,0.0
11.616360877037051,0.0
11.625674102783199,0.0
11.63498732852936,0.0
11.64430055427551,0.0
11.65361378002167,0.0
11.66292700576782,0.0
11.67224023151398,0.0
11.681553457260131,0.0
11.69086668300629,0.0
11.700179908752439,0.0
11.709493134498599,0.0
11.71880636024475,0.0
11.72811958599091,0.0
11.73743281173706,0.0
11.74674603748322,0.0
11.75605926322937,0.0
11.76537248897553,0.0
11.774685714721679,0.0
11.78399894046784,0.0
11.793312166213989,0.0
11.80262539196015,0.0
11.811938617706302,0.0
11.82125184345245,0.0
11.830565069198608,0.0
11.83987829494476,0.0
11.84919152069092,0.0
11.85850474643707,0.0
11.86781797218323,0.0
11.87713119792938,0.0
11.88644442367554,0.0
11.89575764942169,0.0
11.90507087516785,0.0
11.914384100913999,0.0
11.923697326660161,0.0
11.93301055240631,0.0
11.94232377815247,0.0
11.951637003898618,0.0
11.96095022964478,0.0
11.97026345539093,0.0
11.97957668113709,0.0
11.988889906883239,0.0
11.9982031326294,0.0
12.007516358375552,0.0
12.01682958412171,0.0
12.026142809867858,0.0
12.03545603561401,0.0
12.044769261360171,0.0
12.05408248710632,0.0
12.063395712852481,0.0
12.07270893859863,0.0
12.08202216434479,0.0
12.09133539009094,0.0
12.1006486158371,0.0
12.10996184158325,0.0
12.11927506732941,0.0
12.12858829307556,0.0
12.137901518821721,0.0
12.147214744567869,0.0
12.156527970314029,0.0
12.16584119606018,0.0
12.17515442180634,0.0
12.18446764755249,0.0
12.19378087329865,0.0
12.2030940990448,0.0
12.212407324790961,0.0
12.221720550537109,0.0
12.231033776283269,0.0
12.240347002029418,0.0
12.249660227775571,0.0
12.258973453521731,0.0
12.26828667926788,0.0
12.277599905014037,0.0
12.28691313076019,0.0
12.29622635650635,0.0
12.3055395822525,0.0
12.31485280799866,0.0
12.32416603374481,0.0
12.333479259490971,0.0
12.34279248523712,0.0
12.35210571098328,0.0
12.361418936729429,0.0
12.37073216247559,0.0
12.38004538822174,0.0
12.3893586139679,0.0
12.39867183971405,0.0
12.40798506546021,0.0
12.41729829120636,0.0
12.42661151695252,0.0
12.435924742698669,0.0
12.445237968444829,0.0
12.454551194190982,0.0
12.463864419937131,0.0
12.473177645683288,0.0
12.48249087142944,0.0
12.491804097175601,0.0
12.50111732292175,0.0
12.51043054866791,0.0
12.51974377441406,0.0
12.52905700016022,0.0
12.53837022590637,0.0
12.54768345165253,0.0
12.55699667739868,0.0
12.56630990314484,0.0
12.57562312889099,0.0
12.58493635463715,0.0
12.5942495803833,0.0
12.60356280612946,0.0
12.61287603187561,0.0
12.62218925762177,0.0
12.63150248336792,0.0
12.64081570911408,0.0
12.650128934860229,0.0
12.65944216060639,0.0
12.668755386352538,0.0
12.67806861209869,0.0
12.687381837844848,0.0
12.696695063591001,0.0
12.706008289337161,0.0
12.71532151508331,0.0
12.72463474082947,0.0
12.73394796657562,0.0
12.74326119232178,0.0
12.75257441806793,0.0
12.76188764381409,0.0
12.77120086956024,0.0
12.780514095306401,0.0
12.78982732105255,0.0
12.79914054679871,0.0
12.808453772544858,0.0
12.81776699829102,0.0
12.82708022403717,0.0
12.83639344978333,0.0
12.84570667552948,0.0
12.85501990127564,0.0
12.864333127021789,0.0
12.873646352767949,0.0
12.882959578514098,0.0
12.892272804260259,0.0
12.901586030006412,0.0
12.910899255752561,0.0
12.920212481498721,0.0
12.929525707244869,0.0
12.93883893299103,0.0
12.94815215873718,0.0
12.95746538448334,0.0
12.96677861022949,0.0
12.97609183597565,0.0
12.985405061721801,0.0
12.994718287467961,0.0
13.004031513214109,0.0
13.013344738960269,0.0
13.02265796470642,0.0
13.03197119045258,0.0
13.04128441619873,0.0
13.05059764194489,0.0
13.05991086769104,0.0
13.0692240934372,0.0
13.078537319183349,0.0
13.087850544929509,0.0
13.097163770675659,0.0
13.10647699642182,0.0
13.115790222167972,0.0
13.12510344791412,0.0
13.134416673660278,0.0
13.14372989940643,0.0
13.15304312515259,0.0
13.16235635089874,0.0
13.1716695766449,0.0
13.18098280239105,0.0
13.190296028137212,0.0
13.19960925388336,0.0
13.20892247962952,0.0
13.218235705375669,0.0
13.22754893112183,0.0
13.23686215686798,0.0
13.24617538261414,0.0
13.255488608360288,0.0
13.26480183410645,0.0
13.2741150598526,0.0
13.28342828559876,0.0
13.292741511344909,0.0
13.30205473709107,0.0
13.311367962837222,0.0
13.32068118858338,0.0
13.329994414329528,0.0
13.33930764007568,0.0
13.348620865821841,0.0
13.35793409156799,0.0
13.36724731731415,0.0
13.3765605430603,0.0
13.38587376880646,0.0
13.39518699455261,0.0
13.40450022029877,0.0
13.41381344604492,0.0
13.42312667179108,0.0
13.43243989753723,0.0
13.441753123283391,0.0
13.451066349029539,0.0
13.460379574775699,0.0
13.46969280052185,0.0
13.47900602626801,0.0
13.48831925201416,0.0
13.49763247776032,0.0
13.506945703506469,0.0
13.516258929252631,0.0
13.525572154998779,0.0
13.534885380744939,0.0
13.544198606491088,0.0
13.553511832237241,0.0
13.562825057983401,0.0
13.57213828372955,0.0
13.581451509475711,0.0
13.59076473522186,0.0
13.60007796096802,0.0
13.60939118671417,0.0
13.61870441246033,0.0
13.62801763820648,0.0
13.637330863952641,0.0
13.646644089698789,0.0
13.65595731544495,0.0
13.665270541191099,0.0
13.67458376693726,0.0
13.68389699268341,0.0
13.69321021842957,0.0
13.70252344417572,0.0
13.71183666992188,0.0
13.72114989566803,0.0
13.73046312141419,0.0
13.739776347160339,0.0
13.749089572906499,0.0
13.758402798652652,0.0
13.767716024398801,0.0
13.777029250144961,0.0
13.786342475891109,0.0
13.795655701637271,0.0
13.80496892738342,0.0
13.81428215312958,0.0
13.82359537887573,0.0
13.83290860462189,0.0
13.84222183036804,0.0
13.8515350561142,0.0
13.86084828186035,0.0
13.87016150760651,0.0
13.87947473335266,0.0
13.88878795909882,0.0
13.89810118484497,0.0
13.90741441059113,0.0
13.91672763633728,0.0
13.92604086208344,0.0
13.93535408782959,0.0
13.94466731357575,0.0
13.953980539321899,0.0
13.96329376506806,0.0
13.972606990814212,0.0
13.98192021656036,0.0
13.991233442306518,0.0
14.000546668052671,0.0
14.009859893798831,0.0
14.01917311954498,0.0
14.02848634529114,0.0
14.03779957103729,0.0
14.04711279678345,0.0
14.0564260225296,0.0
14.06573924827576,0.0
14.07505247402191,0.0
14.084365699768071,0.0
14.09367892551422,0.0
14.10299215126038,0.0
14.112305377006528,0.0
14.12161860275269,0.0
14.13093182849884,0.0
14.140245054245,0.0
14.14955827999115,0.0
14.15887150573731,0.0
14.168184731483462,0.0
14.177497957229619,0.0
14.186811182975768,0.0
14.19612440872192,0.0
14.205437634468081,0.0
14.214750860214231,0.0
14.224064085960391,0.0
14.233377311706539,0.0
14.2426905374527,0.0
14.25200376319885,0.0
14.26131698894501,0.0
14.27063021469116,0.0
14.27994344043732,0.0
14.289256666183471,0.0
14.298569891929631,0.0
14.307883117675779,0.0
14.317196343421939,0.0
14.32650956916809,0.0
14.33582279491425,0.0
14.3451360206604,0.0
14.35444924640656,0.0
14.36376247215271,0.0
14.37307569789887,0.0
14.382388923645019,0.0
14.391702149391179,0.0
14.401015375137328,0.0
14.410328600883481,0.0
14.419641826629642,0.0
14.42895505237579,0.0
14.438268278121948,0.0
14.4475815038681,0.0
14.45689472961426,0.0
14.46620795536041,0.0
14.47552118110657,0.0
14.48483440685272,0.0
14.494147632598882,0.0
14.50346085834503,0.0
14.51277408409119,0.0
14.522087309837339,0.0
14.5314005355835,0.0
14.54071376132965,0.0
14.55002698707581,0.0
14.55934021282196,0.0
14.56865343856812,0.0
14.57796666431427,0.0
14.58727989006043,0.0
14.596593115806579,0.0
14.605906341552739,0.0
14.615219567298892,0.0
14.62453279304505,0.0
14.633846018791198,0.0
14.64315924453735,0.0
14.652472470283511,0.0
14.66178569602966,0.0
14.67109892177582,0.0
14.68041214752197,0.0
14.68972537326813,0.0
14.69903859901428,0.0
14.70835182476044,0.0
14.71766505050659,0.0
14.72697827625275,0.0
14.7362915019989,0.0
14.74560472774506,0.0
14.75491795349121,0.0
14.764231179237369,0.0
14.77354440498352,0.0
14.78285763072968,0.0
14.79217085647583,0.0
14.80148408222199,0.0
14.810797307968139,0.0
14.8201105337143,0.0
14.829423759460449,0.0
14.838736985206609,0.0
14.848050210952758,0.0
14.857363436698911,0.0
14.866676662445071,0.0
14.87598988819122,0.0
14.88530311393738,0.0
14.89461633968353,0.0
14.90392956542969,0.0
14.91324279117584,0.0
14.922556016922,0.0
14.93186924266815,0.0
14.941182468414311,0.0
14.95049569416046,0.0
14.959808919906619,0.0
14.969122145652769,0.0
14.97843537139893,0.0
14.98774859714508,0.0
14.99706182289124,0.0
15.00637504863739,0.0
15.01568827438355,0.0
15.025001500129699,0.0
15.03431472587586,0.0
15.043627951622009,0.0
15.052941177368169,0.0
15.062254403114322,0.0
15.071567628860471,0.0
15.080880854606631,0.0
15.090194080352779,0.0
15.09950730609894,0.0
15.10882053184509,0.0
15.11813375759125,0.0
15.1274469833374,0.0
15.13676020908356,0.0
15.146073434829711,0.0
15.15538666057587,0.0
15.164699886322019,0.0
15.17401311206818,0.0
15.18332633781433,0.0
15.19263956356049,0.0
15.20195278930664,0.0
15.2112660150528,0.0
15.22057924079895,0.0
15.22989246654511,0.0
15.239205692291259,0.0
15.24851891803742,0.0
15.257832143783569,0.0
15.26714536952973,0.0
15.276458595275882,0.0
15.28577182102203,0.0
15.295085046768188,0.0
15.30439827251434,0.0
15.313711498260501,0.0
15.32302472400665,0.0
15.33233794975281,0.0
15.34165117549896,0.0
15.35096440124512,0.0
15.36027762699127,0.0
15.36959085273743,0.0
15.378904078483579,0.0
15.388217304229741,0.0
15.39753052997589,0.0
15.40684375572205,0.0
15.416156981468198,0.0
15.42547020721436,0.0
15.43478343296051,0.0
15.44409665870667,0.0
15.45340988445282,0.0
15.46272311019898,0.0
15.472036335945132,0.0
15.481349561691289,0.0
15.490662787437438,0.0
15.49997601318359,0.0
15.509289238929751,0.0
15.5186024646759,0.0
15.527915690422061,0.0
15.53722891616821,0.0
15.54654214191437,0.0
15.55585536766052,0.0
15.56516859340668,0.0
15.57448181915283,0.0
15.58379504489899,0.0
15.593108270645141,0.0
15.602421496391301,0.0
15.611734722137449,0.0
15.621047947883609,0.0
15.63036117362976,0.0
15.63967439937592,0.0
15.64898762512207,0.0
15.65830085086823,0.0
15.66761407661438,0.0
15.67692730236054,0.0
15.686240528106689,0.0
15.695553753852849,0.0
15.704866979598998,0.0
15.714180205345151,0.0
15.723493431091311,0.0
15.732806656837461,0.0
15.742119882583617,0.0
15.75143310832977,0.0
15.76074633407593,0.0
15.77005955982208,0.0
15.77937278556824,0.0
15.78868601131439,0.0
15.797999237060552,0.0
15.8073124628067,0.0
15.81662568855286,0.0
15.825938914299009,0.0
15.83525214004517,0.0
15.84456536579132,0.0
15.85387859153748,0.0
15.86319181728363,0.0
15.87250504302979,0.0
15.88181826877594,0.0
15.8911314945221,0.0
15.900444720268249,0.0
15.909757946014409,0.0
15.919071171760562,0.0
15.928384397506711,0.0
15.937697623252868,0.0
15.94701084899902,0.0
15.956324074745181,0.0
15.96563730049133,0.0
15.97495052623749,0.0
15.98426375198364,0.0
15.9935769777298,0.0
16.00289020347595,0.0
16.012203429222108,0.0
16.02151665496826,0.0
16.030829880714418,0.0
16.040143106460572,0.0
16.04945633220673,0.0
16.058769557952882,0.0
16.068082783699037,0.0
16.07739600944519,0.0
16.08670923519135,0.0
16.0960224609375,0.0
16.10533568668366,0.0
16.11464891242981,0.0
16.123962138175973,0.0
16.13327536392212,0.0
16.14258858966828,0.0
16.15190181541443,0.0
16.16121504116058,0.0
16.17052826690674,0.0
16.17984149265289,0.0
16.18915471839905,0.0
16.1984679441452,0.0
16.20778116989136,0.0
16.21709439563751,0.0
16.226407621383668,0.0
16.23572084712982,0.0
16.24503407287598,0.0
16.254347298622132,0.0
16.263660524368287,0.0
16.27297375011444,0.0
16.2822869758606,0.0
16.29160020160675,0.0
16.30091342735291,0.0
16.31022665309906,0.0
16.31953987884522,0.0
16.32885310459137,0.0
16.33816633033753,0.0
16.34747955608368,0.0
16.35679278182984,0.0
16.36610600757599,0.0
16.37541923332214,0.0
16.3847324590683,0.0
16.394045684814447,0.0
16.40335891056061,0.0
16.41267213630676,0.0
16.42198536205292,0.0
16.43129858779907,0.0
16.440611813545228,0.0
16.449925039291383,0.0
16.459238265037538,0.0
16.46855149078369,0.0
16.477864716529847,0.0
16.487177942276002,0.0
16.49649116802216,0.0
16.50580439376831,0.0
16.51511761951447,0.0
16.52443084526062,0.0
16.53374407100678,0.0
16.54305729675293,0.0
16.55237052249909,0.0
16.56168374824524,0.0
16.570996973991402,0.0
16.58031019973755,0.0
16.589623425483698,0.0
16.59893665122986,0.0
16.60824987697601,0.0
16.61756310272217,0.0
16.62687632846832,0.0
16.63618955421448,0.0
16.64550277996063,0.0
16.654816005706788,0.0
16.66412923145294,0.0
16.673442457199098,0.0
16.68275568294525,0.0
16.69206890869141,0.0
16.701382134437562,0.0
16.71069536018372,0.0
16.720008585929868,0.0
16.72932181167603,0.0
16.73863503742218,0.0
16.74794826316834,0.0
16.75726148891449,0.0
16.76657471466065,0.0
16.7758879404068,0.0
16.785201166152962,0.0
16.79451439189911,0.0
16.803827617645258,0.0
16.81314084339142,0.0
16.82245406913757,0.0
16.83176729488373,0.0
16.84108052062988,0.0
16.85039374637604,0.0
16.85970697212219,0.0
16.86902019786835,0.0
16.8783334236145,0.0
16.887646649360658,0.0
16.896959875106813,0.0
16.90627310085297,0.0
16.91558632659912,0.0
16.924899552345277,0.0
16.93421277809143,0.0
16.94352600383759,0.0
16.95283922958374,0.0
16.9621524553299,0.0
16.97146568107605,0.0
16.980778906822213,0.0
16.99009213256836,0.0
16.99940535831452,0.0
17.00871858406067,0.0
17.01803180980682,0.0
17.02734503555298,0.0
17.03665826129913,0.0
17.04597148704529,0.0
17.05528471279144,0.0
17.0645979385376,0.0
17.07391116428375,0.0
17.08322439002991,0.0
17.09253761577606,0.0
17.10185084152222,0.0
17.11116406726837,0.0
17.120477293014527,0.0
17.12979051876068,0.0
17.13910374450684,0.0
17.148416970252992,0.0
17.15773019599915,0.0
17.1670434217453,0.0
17.17635664749146,0.0
17.18566987323761,0.0
17.19498309898377,0.0
17.20429632472992,0.0
17.21360955047608,0.0
17.22292277622223,0.0
17.23223600196838,0.0
17.24154922771454,0.0
17.250862453460687,0.0
17.26017567920685,0.0
17.269488904953,0.0
17.27880213069916,0.0
17.28811535644531,0.0
17.29742858219147,0.0
17.30674180793762,0.0
17.316055033683778,0.0
17.32536825942993,0.0
17.334681485176088,0.0
17.343994710922242,0.0
17.3533079366684,0.0
17.362621162414552,0.0
17.37193438816071,0.0
17.38124761390686,0.0
17.39056083965302,0.0
17.39987406539917,0.0
17.40918729114533,0.0
17.41850051689148,0.0
17.427813742637642,0.0
17.43712696838379,0.0
17.446440194129938,0.0
17.4557534198761,0.0
17.46506664562225,0.0
17.47437987136841,0.0
17.48369309711456,0.0
17.49300632286072,0.0
17.50231954860687,0.0
17.51163277435303,0.0
17.52094600009918,0.0
17.530259225845338,0.0
17.53957245159149,0.0
17.54888567733765,0.0
17.558198903083802,0.0
17.56751212882996,0.0
17.57682535457611,0.0
17.58613858032227,0.0
17.59545180606842,0.0
17.604765031814576,0.0
17.61407825756073,0.0
17.62339148330689,0.0
17.63270470905304,0.0
17.6420179347992,0.0
17.65133116054535,0.0
17.660644386291512,0.0
17.66995761203766,0.0
17.679270837783807,0.0
17.68858406352997,0.0
17.69789728927612,0.0
17.70721051502228,0.0
17.71652374076843,0.0
17.72583696651459,0.0
17.735150192260736,0.0
17.744463418006898,0.0
17.753776643753053,0.0
17.76308986949921,0.0
17.77240309524536,0.0
17.781716320991517,0.0
17.791029546737672,0.0
17.800342772483827,0.0
17.80965599822998,0.0
17.81896922397614,0.0
17.82828244972229,0.0
17.83759567546845,0.0
17.8469089012146,0.0
17.856222126960763,0.0
17.86553535270691,0.0
17.874848578453072,0.0
17.88416180419922,0.0
17.89347502994537,0.0
17.90278825569153,0.0
17.91210148143768,0.0
17.92141470718384,0.0
17.930727932929987,0.0
17.94004115867615,0.0
17.9493543844223,0.0
17.95866761016846,0.0
17.96798083591461,0.0
17.977294061660768,0.0
17.986607287406922,0.0
17.995920513153077,0.0
18.005233738899232,0.0
18.01454696464539,0.0
18.023860190391538,0.0
18.0331734161377,0.0
18.04248664188385,0.0
18.051799867630013,0.0
18.06111309337616,0.0
18.07042631912232,0.0
18.07973954486847,0.0
18.08905277061463,0.0
18.09836599636078,0.0
18.107679222106928,0.0
18.11699244785309,0.0
18.126305673599237,0.0
18.1356188993454,0.0
18.14493212509155,0.0
18.15424535083771,0.0
18.16355857658386,0.0
18.172871802330018,0.0
18.182185028076173,0.0
18.191498253822328,0.0
18.200811479568483,0.0
18.21012470531464,0.0
18.21943793106079,0.0
18.228751156806947,0.0
18.2380643825531,0.0
18.247377608299264,0.0
18.25669083404541,0.0
18.26600405979157,0.0
18.27531728553772,0.0
18.28463051128388,0.0
18.29394373703003,0.0
18.303256962776192,0.0
18.31257018852234,0.0
18.321883414268488,0.0
18.33119664001465,0.0
18.3405098657608,0.0
18.34982309150696,0.0
18.35913631725311,0.0
18.36844954299927,0.0
18.377762768745423,0.0
18.38707599449158,0.0
18.39638922023773,0.0
18.40570244598389,0.0
18.41501567173004,0.0
18.424328897476197,0.0
18.433642123222352,0.0
18.44295534896851,0.0
18.45226857471466,0.0
18.46158180046082,0.0
18.470895026206968,0.0
18.48020825195313,0.0
18.48952147769928,0.0
18.498834703445443,0.0
18.50814792919159,0.0
18.51746115493775,0.0
18.5267743806839,0.0
18.53608760643005,0.0
18.54540083217621,0.0
18.554714057922357,0.0
18.56402728366852,0.0
18.573340509414674,0.0
18.58265373516083,0.0
18.59196696090698,0.0
18.60128018665314,0.0
18.61059341239929,0.0
18.619906638145448,0.0
18.629219863891603,0.0
18.63853308963776,0.0
18.647846315383912,0.0
18.65715954113007,0.0
18.66647276687622,0.0
18.675785992622377,0.0
18.68509921836853,0.0
18.694412444114693,0.0
18.70372566986084,0.0
18.713038895607,0.0
18.72235212135315,0.0
18.73166534709931,0.0
18.74097857284546,0.0
18.750291798591608,0.0
18.75960502433777,0.0
18.76891825008392,0.0
18.77823147583008,0.0
18.78754470157623,0.0
18.79685792732239,0.0
18.80617115306854,0.0
18.8154843788147,0.0
18.824797604560853,0.0
18.83411083030701,0.0
18.84342405605316,0.0
18.85273728179932,0.0
18.86205050754547,0.0
18.871363733291627,0.0
18.880676959037782,0.0
18.88999018478394,0.0
18.89930341053009,0.0
18.90861663627625,0.0
18.917929862022397,0.0
18.92724308776856,0.0
18.93655631351471,0.0
18.945869539260872,0.0
18.95518276500702,0.0
18.96449599075317,0.0
18.97380921649933,0.0
18.98312244224548,0.0
18.99243566799164,0.0
19.001748893737787,0.0
19.01106211948395,0.0
19.020375345230104,0.0
19.029688570976262,0.0
19.03900179672241,0.0
19.048315022468568,0.0
19.05762824821472,0.0
19.066941473960878,0.0
19.076254699707032,0.0
19.08556792545319,0.0
19.094881151199342,0.0
19.1041943769455,0.0
19.113507602691648,0.0
19.122820828437806,0.0
19.13213405418396,0.0
19.141447279930123,0.0
19.15076050567627,0.0
19.16007373142243,0.0
19.16938695716858,0.0
19.17870018291473,0.0
19.18801340866089,0.0
19.197326634407037,0.0
19.2066398601532,0.0
19.21595308589935,0.0
19.225266311645512,0.0
19.23457953739166,0.0
19.24389276313782,0.0
19.25320598888397,0.0
19.262519214630128,0.0
19.271832440376283,0.0
19.28114566612244,0.0
19.29045889186859,0.0
19.29977211761475,0.0
19.3090853433609,0.0
19.318398569107057,0.0
19.32771179485321,0.0
19.33702502059937,0.0
19.34633824634552,0.0
19.35565147209168,0.0
19.364964697837827,0.0
19.37427792358399,0.0
19.38359114933014,0.0
19.392904375076302,0.0
19.40221760082245,0.0
19.4115308265686,0.0
19.42084405231476,0.0
19.43015727806091,0.0
19.43947050380707,0.0
19.448783729553217,0.0
19.45809695529938,0.0
19.467410181045533,0.0
19.47672340679169,0.0
19.48603663253784,0.0
19.495349858283998,0.0
19.50466308403015,0.0
19.513976309776307,0.0
19.523289535522462,0.0
19.53260276126862,0.0
19.54191598701477,0.0
19.55122921276093,0.0
19.560542438507078,0.0
19.569855664253236,0.0
19.57916888999939,0.0
19.588482115745553,0.0
19.5977953414917,0.0
19.60710856723786,0.0
19.61642179298401,0.0
19.62573501873016,0.0
19.63504824447632,0.0
19.644361470222467,0.0
19.65367469596863,0.0
19.66298792171478,0.0
19.672301147460942,0.0
19.68161437320709,0.0
19.690927598953248,0.0
19.7002408246994,0.0
19.709554050445558,0.0
19.718867276191713,0.0
19.72818050193787,0.0
19.73749372768402,0.0
19.74680695343018,0.0
19.756120179176328,0.0
19.765433404922486,0.0
19.77474663066864,0.0
19.7840598564148,0.0
19.79337308216095,0.0
19.80268630790711,0.0
19.81199953365326,0.0
19.821312759399422,0.0
19.83062598514557,0.0
19.839939210891718,0.0
19.84925243663788,0.0
19.85856566238403,0.0
19.86787888813019,0.0
19.87719211387634,0.0
19.8865053396225,0.0
19.895818565368646,0.0
19.90513179111481,0.0
19.914445016860963,0.0
19.92375824260712,0.0
19.93307146835327,0.0
19.942384694099427,0.0
19.95169791984558,0.0
19.961011145591737,0.0
19.97032437133789,0.0
19.97963759708405,0.0
19.9889508228302,0.0
19.99826404857636,0.0
20.00757727432251,0.0
20.016890500068673,0.0
20.02620372581482,0.0
20.035516951560982,0.0
20.04483017730713,0.0
20.05414340305328,0.0
20.06345662879944,0.0
20.07276985454559,0.0
20.08208308029175,0.0
20.091396306037897,0.0
20.10070953178406,0.0
20.11002275753021,0.0
20.119335983276372,0.0
20.12864920902252,0.0
20.137962434768678,0.0
20.14727566051483,0.0
20.156588886260987,0.0
20.165902112007142,0.0
20.1752153377533,0.0
20.18452856349945,0.0
20.19384178924561,0.0
20.20315501499176,0.0
20.212468240737923,0.0
20.22178146648407,0.0
20.23109469223023,0.0
20.24040791797638,0.0
20.24972114372254,0.0
20.25903436946869,0.0
20.268347595214838,0.0
20.277660820961,0.0
20.286974046707147,0.0
20.29628727245331,0.0
20.30560049819946,0.0
20.31491372394562,0.0
20.32422694969177,0.0
20.33354017543793,0.0
20.342853401184076,0.0
20.352166626930238,0.0
20.361479852676393,0.0
20.37079307842255,0.0
20.3801063041687,0.0
20.389419529914857,0.0
20.398732755661012,0.0
20.408045981407174,0.0
20.41735920715332,0.0
20.42667243289948,0.0
20.43598565864563,0.0
20.44529888439179,0.0
20.45461211013794,0.0
20.463925335884102,0.0
20.47323856163025,0.0
20.482551787376398,0.0
20.49186501312256,0.0
20.50117823886871,0.0
20.51049146461487,0.0
20.51980469036102,0.0
20.52911791610718,0.0
20.538431141853327,0.0
20.54774436759949,0.0
20.55705759334564,0.0
20.5663708190918,0.0
20.57568404483795,0.0
20.584997270584108,0.0
20.594310496330262,0.0
20.60362372207642,0.0
20.612936947822572,0.0
20.62225017356873,0.0
20.631563399314878,0.0
20.64087662506104,0.0
20.65018985080719,0.0
20.659503076553353,0.0
20.6688163022995,0.0
20.67812952804566,0.0
20.68744275379181,0.0
20.69675597953796,0.0
20.70606920528412,0.0
20.715382431030267,0.0
20.72469565677643,0.0
20.734008882522577,0.0
20.74332210826874,0.0
20.75263533401489,0.0
20.76194855976105,0.0
20.7712617855072,0.0
20.780575011253358,0.0
20.789888236999513,0.0
20.79920146274567,0.0
20.808514688491822,0.0
20.81782791423798,0.0
20.82714113998413,0.0
20.836454365730287,0.0
20.84576759147644,0.0
20.855080817222603,0.0
20.86439404296875,0.0
20.87370726871491,0.0
20.88302049446106,0.0
20.89233372020722,0.0
20.90164694595337,0.0
20.910960171699532,0.0
20.92027339744568,0.0
20.929586623191827,0.0
20.93889984893799,0.0
20.94821307468414,0.0
20.9575263004303,0.0
20.96683952617645,0.0
20.97615275192261,0.0
20.985465977668763,0.0
20.99477920341492,0.0
21.00409242916107,0.0
21.01340565490723,0.0
21.02271888065338,0.0
21.032032106399537,0.0
21.041345332145692,0.0
21.05065855789185,0.0
21.059971783638,0.0
21.06928500938416,0.0
21.078598235130308,0.0
21.08791146087647,0.0
21.09722468662262,0.0
21.106537912368783,0.0
21.11585113811493,0.0
21.12516436386109,0.0
21.13447758960724,0.0
21.14379081535339,0.0
21.15310404109955,0.0
21.162417266845697,0.0
21.17173049259186,0.0
21.181043718338014,0.0
21.190356944084172,0.0
21.19967016983032,0.0
21.208983395576478,0.0
21.21829662132263,0.0
21.227609847068788,0.0
21.236923072814943,0.0
21.2462362985611,0.0
21.255549524307252,0.0
21.26486275005341,0.0
21.274175975799558,0.0
21.283489201545716,0.0
21.29280242729187,0.0
21.302115653038033,0.0
21.31142887878418,0.0
21.32074210453034,0.0
21.33005533027649,0.0
21.33936855602265,0.0
21.3486817817688,0.0
21.357995007514948,0.0
21.36730823326111,0.0
21.37662145900726,0.0
21.385934684753423,0.0
21.39524791049957,0.0
21.40456113624573,0.0
21.41387436199188,0.0
21.423187587738038,0.0
21.432500813484193,0.0
21.44181403923035,0.0
21.4511272649765,0.0
21.46044049072266,0.0
21.46975371646881,0.0
21.47906694221497,0.0
21.48838016796112,0.0
21.49769339370728,0.0
21.50700661945343,0.0
21.51631984519959,0.0
21.52563307094574,0.0
21.5349462966919,0.0
21.54425952243805,0.0
21.55357274818421,0.0
21.56288597393036,0.0
21.572199199676515,0.0
21.581512425422673,0.0
21.590825651168817,0.0
21.600138876914983,0.0
21.609452102661127,0.0
21.61876532840729,0.0
21.628078554153443,0.0
21.637391779899602,0.0
21.646705005645753,0.0
21.65601823139191,0.0
21.665331457138056,0.0
21.67464468288422,0.0
21.683957908630372,0.0
21.69327113437653,0.0
21.70258436012268,0.0
21.71189758586884,0.0
21.72121081161499,0.0
21.73052403736115,0.0
21.7398372631073,0.0
21.74915048885346,0.0
21.75846371459961,0.0
21.76777694034577,0.0
21.777090166091924,0.0
21.786403391838068,0.0
21.79571661758423,0.0
21.805029843330377,0.0
21.81434306907654,0.0
21.823656294822694,0.0
21.832969520568852,0.0
21.842282746314996,0.0
21.851595972061162,0.0
21.860909197807306,0.0
21.870222423553468,0.0
21.879535649299623,0.0
21.88884887504578,0.0
21.898162100791932,0.0
21.90747532653809,0.0
21.916788552284235,0.0
21.9261017780304,0.0
21.93541500377655,0.0
21.94472822952271,0.0
21.95404145526886,0.0
21.96335468101502,0.0
21.972667906761174,0.0
21.98198113250733,0.0
21.99129435825348,0.0
22.000607583999628,0.0
22.00992080974579,0.0
22.019234035491944,0.0
22.028547261238103,0.0
22.037860486984247,0.0
22.047173712730412,0.0
22.056486938476557,0.0
22.06580016422272,0.0
22.075113389968873,0.0
22.08442661571503,0.0
22.093739841461183,0.0
22.10305306720734,0.0
22.112366292953485,0.0
22.12167951869965,0.0
22.130992744445802,0.0
22.14030597019196,0.0
22.14961919593811,0.0
22.15893242168427,0.0
22.16824564743042,0.0
22.17755887317658,0.0
22.18687209892273,0.0
22.19618532466889,0.0
22.20549855041504,0.0
22.214811776161188,0.0
22.224125001907353,0.0
22.233438227653497,0.0
22.24275145339966,0.0
22.252064679145807,0.0
22.26137790489197,0.0
22.270691130638124,0.0
22.280004356384282,0.0
22.289317582130426,0.0
22.29863080787659,0.0
22.307944033622736,0.0
22.317257259368898,0.0
22.326570485115052,0.0
22.33588371086121,0.0
22.345196936607362,0.0
22.35451016235352,0.0
22.36382338809967,0.0
22.37313661384583,0.0
22.38244983959198,0.0
22.39176306533814,0.0
22.40107629108429,0.0
22.41038951683045,0.0
22.419702742576604,0.0
22.429015968322762,0.0
22.43832919406891,0.0
22.447642419815057,0.0
22.45695564556122,0.0
22.466268871307374,0.0
22.475582097053532,0.0
22.484895322799677,0.0
22.494208548545842,0.0
22.503521774291986,0.0
22.512835000038148,0.0
22.522148225784303,0.0
22.53146145153046,0.0
22.540774677276612,0.0
22.55008790302277,0.0
22.559401128768922,0.0
22.56871435451508,0.0
22.57802758026123,0.0
22.58734080600739,0.0
22.59665403175354,0.0
22.6059672574997,0.0
22.61528048324585,0.0
22.624593708992013,0.0
22.63390693473816,0.0
22.64322016048432,0.0
22.65253338623047,0.0
22.661846611976618,0.0
22.671159837722783,0.0
22.680473063468927,0.0
22.68978628921509,0.0
22.699099514961237,0.0
22.7084127407074,0.0
22.717725966453553,0.0
22.72703919219971,0.0
22.736352417945856,0.0
22.74566564369202,0.0
22.754978869438172,0.0
22.764292095184327,0.0
22.773605320930482,0.0
22.78291854667664,0.0
22.79223177242279,0.0
22.80154499816895,0.0
22.8108582239151,0.0
22.82017144966126,0.0
22.82948467540741,0.0
22.83879790115357,0.0
22.84811112689972,0.0
22.85742435264588,0.0
22.866737578392033,0.0
22.876050804138178,0.0
22.88536402988434,0.0
22.894677255630487,0.0
22.90399048137665,0.0
22.913303707122804,0.0
22.922616932868962,0.0
22.931930158615106,0.0
22.94124338436127,0.0
22.950556610107423,0.0
22.959869835853578,0.0
22.969183061599733,0.0
22.97849628734589,0.0
22.987809513092042,0.0
22.9971227388382,0.0
23.00643596458435,0.0
23.01574919033051,0.0
23.02506241607666,0.0
23.03437564182282,0.0
23.04368886756897,0.0
23.05300209331513,0.0
23.06231531906128,0.0
23.071628544807442,0.0
23.08094177055359,0.0
23.090254996299738,0.0
23.0995682220459,0.0
23.108881447792047,0.0
23.118194673538213,0.0
23.127507899284357,0.0
23.13682112503052,0.0
23.146134350776673,0.0
23.15544757652283,0.0
23.164760802268983,0.0
23.17407402801514,0.0
23.183387253761286,0.0
23.19270047950745,0.0
23.202013705253602,0.0
23.21132693099976,0.0
23.22064015674591,0.0
23.22995338249207,0.0
23.23926660823822,0.0
23.24857983398438,0.0
23.25789305973053,0.0
23.26720628547669,0.0
23.27651951122284,0.0
23.285832736969,0.0
23.29514596271515,0.0
23.304459188461298,0.0
23.313772414207463,0.0
23.323085639953607,0.0
23.33239886569977,0.0
23.341712091445924,0.0
23.35102531719208,0.0
23.360338542938234,0.0
23.369651768684392,0.0
23.378964994430536,0.0
23.3882782201767,0.0
23.397591445922853,0.0
23.40690467166901,0.0
23.416217897415162,0.0
23.42553112316132,0.0
23.434844348907472,0.0
23.44415757465363,0.0
23.45347080039978,0.0
23.46278402614594,0.0
23.47209725189209,0.0
23.48141047763825,0.0
23.4907237033844,0.0
23.50003692913056,0.0
23.50935015487671,0.0
23.518663380622858,0.0
23.52797660636902,0.0
23.537289832115174,0.0
23.54660305786133,0.0
23.555916283607477,0.0
23.565229509353642,0.0
23.574542735099786,0.0
23.58385596084595,0.0
23.593169186592103,0.0
23.60248241233826,0.0
23.611795638084413,0.0
23.62110886383057,0.0
23.630422089576715,0.0
23.63973531532288,0.0
23.649048541069032,0.0
23.65836176681519,0.0
23.66767499256134,0.0
23.6769882183075,0.0
23.68630144405365,0.0
23.69561466979981,0.0
23.70492789554596,0.0
23.71424112129212,0.0
23.72355434703827,0.0
23.732867572784425,0.0
23.74218079853058,0.0
23.751494024276727,0.0
23.760807250022893,0.0
23.770120475769037,0.0
23.7794337015152,0.0
23.788746927261354,0.0
23.798060153007512,0.0
23.807373378753663,0.0
23.81668660449982,0.0
23.825999830245966,0.0
23.83531305599213,0.0
23.844626281738282,0.0
23.85393950748444,0.0
23.863252733230592,0.0
23.87256595897675,0.0
23.8818791847229,0.0
23.89119241046906,0.0
23.90050563621521,0.0
23.90981886196137,0.0
23.91913208770752,0.0
23.92844531345368,0.0
23.93775853919983,0.0
23.947071764945978,0.0
23.95638499069214,0.0
23.965698216438287,0.0
23.97501144218445,0.0
23.984324667930604,0.0
23.993637893676762,0.0
24.002951119422907,0.0
24.012264345169072,0.0
24.021577570915216,0.0
24.030890796661378,0.0
24.040204022407533,0.0
24.04951724815369,0.0
24.058830473899842,0.0
24.068143699646,0.0
24.077456925392145,0.0
24.08677015113831,0.0
24.09608337688446,0.0
24.10539660263062,0.0
24.11470982837677,0.0
24.12402305412293,0.0
24.13333627986908,0.0
24.14264950561524,0.0
24.15196273136139,0.0
24.16127595710755,0.0
24.1705891828537,0.0
24.179902408599855,0.0
24.189215634346013,0.0
24.198528860092157,0.0
24.207842085838323,0.0
24.217155311584467,0.0
24.22646853733063,0.0
24.235781763076783,0.0
24.24509498882294,0.0
24.254408214569093,0.0
24.26372144031525,0.0
24.273034666061395,0.0
24.28234789180756,0.0
24.291661117553712,0.0
24.30097434329987,0.0
24.31028756904602,0.0
24.31960079479218,0.0
24.32891402053833,0.0
24.33822724628449,0.0
24.34754047203064,0.0
24.3568536977768,0.0
24.36616692352295,0.0
24.37548014926911,0.0
24.384793375015263,0.0
24.394106600761408,0.0
24.40341982650757,0.0
24.412733052253717,0.0
24.42204627799988,0.0
24.431359503746034,0.0
24.440672729492192,0.0
24.449985955238336,0.0
24.4592991809845,0.0
24.468612406730646,0.0
24.477925632476808,0.0
24.487238858222963,0.0
24.49655208396912,0.0
24.505865309715272,0.0
24.51517853546143,0.0
24.524491761207575,0.0
24.53380498695374,0.0
24.54311821269989,0.0
24.55243143844605,0.0
24.5617446641922,0.0
24.57105788993836,0.0
24.580371115684514,0.0
24.589684341430672,0.0
24.59899756717682,0.0
24.608310792922968,0.0
24.61762401866913,0.0
24.626937244415284,0.0
24.636250470161443,0.0
24.645563695907587,0.0
24.654876921653752,0.0
24.664190147399896,0.0
24.67350337314606,0.0
24.682816598892213,0.0
24.69212982463837,0.0
24.701443050384523,0.0
24.71075627613068,0.0
24.720069501876825,0.0
24.72938272762299,0.0
24.73869595336914,0.0
24.7480091791153,0.0
24.75732240486145,0.0
24.76663563060761,0.0
24.77594885635376,0.0
24.785262082099923,0.0
24.79457530784607,0.0
24.80388853359223,0.0
24.81320175933838,0.0
24.822514985084528,0.0
24.831828210830693,0.0
24.841141436576837,0.0
24.850454662323,0.0
24.859767888069147,0.0
24.86908111381531,0.0
24.878394339561464,0.0
24.887707565307622,0.0
24.897020791053766,0.0
24.90633401679993,0.0
24.915647242546076,0.0
24.924960468292237,0.0
24.934273694038392,0.0
24.94358691978455,0.0
24.952900145530702,0.0
24.96221337127686,0.0
24.97152659702301,0.0
24.98083982276917,0.0
24.99015304851532,0.0
24.99946627426148,0.0
25.00877950000763,0.0
25.01809272575379,0.0
25.027405951499944,0.0
25.036719177246088,0.0
25.04603240299225,0.0
25.055345628738397,0.0
25.06465885448456,0.0
25.073972080230714,0.0
25.083285305976872,0.0
25.092598531723016,0.0
25.101911757469182,0.0
25.111224983215326,0.0
25.120538208961488,0.0
25.129851434707643,0.0
25.1391646604538,0.0
25.148477886199952,0.0
25.15779111194611,0.0
25.167104337692262,0.0
25.17641756343842,0.0
25.18573078918457,0.0
25.19504401493073,0.0
25.20435724067688,0.0
25.21367046642304,0.0
25.22298369216919,0.0
25.232296917915352,0.0
25.2416101436615,0.0
25.250923369407648,0.0
25.26023659515381,0.0
25.269549820899957,0.0
25.278863046646123,0.0
25.288176272392267,0.0
25.29748949813843,0.0
25.306802723884577,0.0
25.31611594963074,0.0
25.325429175376893,0.0
25.33474240112305,0.0
25.344055626869196,0.0
25.35336885261536,0.0
25.362682078361512,0.0
25.37199530410767,0.0
25.381308529853822,0.0
25.39062175559998,0.0
25.39993498134613,0.0
25.40924820709229,0.0
25.41856143283844,0.0
25.4278746585846,0.0
25.43718788433075,0.0
25.44650111007691,0.0
25.45581433582306,0.0
25.465127561569208,0.0
25.474440787315373,0.0
25.483754013061517,0.0
25.49306723880768,0.0
25.502380464553827,0.0
25.51169369029999,0.0
25.521006916046144,0.0
25.530320141792302,0.0
25.539633367538446,0.0
25.54894659328461,0.0
25.558259819030763,0.0
25.56757304477692,0.0
25.576886270523072,0.0
25.58619949626923,0.0
25.595512722015382,0.0
25.60482594776154,0.0
25.61413917350769,0.0
25.62345239925385,0.0
25.632765625,0.0
25.64207885074616,0.0
25.65139207649231,0.0
25.66070530223847,0.0
25.67001852798462,0.0
25.679331753730782,0.0
25.68864497947693,0.0
25.697958205223077,0.0
25.70727143096924,0.0
25.716584656715387,0.0
25.725897882461553,0.0
25.735211108207697,0.0
25.74452433395386,0.0
25.753837559700013,0.0
25.76315078544617,0.0
25.772464011192323,0.0
25.78177723693848,0.0
25.791090462684625,0.0
25.80040368843079,0.0
25.809716914176942,0.0
25.8190301399231,0.0
25.82834336566925,0.0
25.83765659141541,0.0
25.84696981716156,0.0
25.85628304290772,0.0
25.86559626865387,0.0
25.87490949440003,0.0
25.88422272014618,0.0
25.89353594589234,0.0
25.90284917163849,0.0
25.912162397384638,0.0
25.921475623130803,0.0
25.930788848876947,0.0
25.94010207462311,0.0
25.949415300369264,0.0
25.958728526115422,0.0
25.968041751861573,0.0
25.97735497760773,0.0
25.986668203353876,0.0
25.99598142910004,0.0
26.005294654846193,0.0
26.01460788059235,0.0
26.023921106338502,0.0
26.03323433208466,0.0
26.04254755783081,0.0
26.05186078357697,0.0
26.06117400932312,0.0
26.07048723506928,0.0
26.07980046081543,0.0
26.08911368656159,0.0
26.09842691230774,0.0
26.1077401380539,0.0
26.11705336380005,0.0
26.126366589546198,0.0
26.13567981529236,0.0
26.144993041038514,0.0
26.154306266784673,0.0
26.163619492530817,0.0
26.172932718276982,0.0
26.182245944023126,0.0
26.191559169769288,0.0
26.200872395515443,0.0
26.2101856212616,0.0
26.219498847007753,0.0
26.22881207275391,0.0
26.238125298500055,0.0
26.24743852424622,0.0
26.25675174999237,0.0
26.26606497573853,0.0
26.27537820148468,0.0
26.28469142723084,0.0
26.29400465297699,0.0
26.30331787872315,0.0
26.3126311044693,0.0
26.32194433021546,0.0
26.33125755596161,0.0
26.340570781707765,0.0
26.349884007453923,0.0
26.359197233200067,0.0
26.368510458946233,0.0
26.377823684692377,0.0
26.38713691043854,0.0
26.396450136184693,0.0
26.405763361930852,0.0
26.415076587677003,0.0
26.42438981342316,0.0
26.433703039169306,0.0
26.44301626491547,0.0
26.452329490661622,0.0
26.46164271640778,0.0
26.47095594215393,0.0
26.48026916790009,0.0
26.48958239364624,0.0
26.4988956193924,0.0
26.50820884513855,0.0
26.51752207088471,0.0
26.52683529663086,0.0
26.53614852237702,0.0
26.545461748123174,0.0
26.554774973869318,0.0
26.56408819961548,0.0
26.573401425361627,0.0
26.58271465110779,0.0
26.592027876853944,0.0
26.601341102600102,0.0
26.610654328346246,0.0
26.619967554092412,0.0
26.629280779838556,0.0
26.638594005584718,0.0
26.647907231330873,0.0
26.65722045707703,0.0
26.666533682823182,0.0
26.67584690856934,0.0
26.685160134315485,0.0
26.69447336006165,0.0
26.7037865858078,0.0
26.71309981155396,0.0
26.72241303730011,0.0
26.73172626304627,0.0
26.741039488792424,0.0
26.75035271453858,0.0
26.75966594028473,0.0
26.768979166030878,0.0
26.77829239177704,0.0
26.787605617523194,0.0
26.796918843269353,0.0
26.806232069015497,0.0
26.815545294761662,0.0
26.824858520507807,0.0
26.83417174625397,0.0
26.843484972000123,0.0
26.85279819774628,0.0
26.862111423492433,0.0
26.87142464923859,0.0
26.880737874984735,0.0
26.8900511007309,0.0
26.899364326477052,0.0
26.90867755222321,0.0
26.91799077796936,0.0
26.92730400371552,0.0
26.93661722946167,0.0
26.94593045520783,0.0
26.95524368095398,0.0
26.96455690670014,0.0
26.97387013244629,0.0
26.983183358192438,0.0
26.992496583938603,0.0
27.001809809684747,0.0
27.01112303543091,0.0
27.020436261177057,0.0
27.02974948692322,0.0
27.039062712669374,0.0
27.048375938415532,0.0
27.057689164161676,0.0
27.06700238990784,0.0
27.076315615653986,0.0
27.085628841400148,0.0
27.094942067146302,0.0
27.10425529289246,0.0
27.113568518638612,0.0
27.12288174438477,0.0
27.13219497013092,0.0
27.14150819587708,0.0
27.15082142162323,0.0
27.16013464736939,0.0
27.16944787311554,0.0
27.1787610988617,0.0
27.188074324607854,0.0
27.197387550354012,0.0
27.20670077610016,0.0
27.216014001846307,0.0
27.22532722759247,0.0
27.234640453338624,0.0
27.243953679084782,0.0
27.253266904830927,0.0
27.262580130577092,0.0
27.271893356323236,0.0
27.281206582069398,0.0
27.290519807815553,0.0
27.29983303356171,0.0
27.309146259307862,0.0
27.31845948505402,0.0
27.327772710800172,0.0
27.33708593654633,0.0
27.34639916229248,0.0
27.35571238803864,0.0
27.36502561378479,0.0
27.37433883953095,0.0
27.3836520652771,0.0
27.392965291023263,0.0
27.40227851676941,0.0
27.41159174251557,0.0
27.42090496826172,0.0
27.430218194007868,0.0
27.439531419754033,0.0
27.448844645500177,0.0
27.45815787124634,0.0
27.467471096992487,0.0
27.47678432273865,0.0
27.486097548484803,0.0
27.49541077423096,0.0
27.504723999977106,0.0
27.51403722572327,0.0
27.523350451469422,0.0
27.532663677215577,0.0
27.541976902961732,0.0
27.55129012870789,0.0
27.56060335445404,0.0
27.5699165802002,0.0
27.57922980594635,0.0
27.58854303169251,0.0
27.59785625743866,0.0
27.60716948318482,0.0
27.61648270893097,0.0
27.62579593467713,0.0
27.635109160423283,0.0
27.644422386169428,0.0
27.65373561191559,0.0
27.663048837661737,0.0
27.6723620634079,0.0
27.681675289154054,0.0
27.690988514900212,0.0
27.700301740646356,0.0
27.70961496639252,0.0
27.718928192138673,0.0
27.728241417884828,0.0
27.737554643630983,0.0
27.74686786937714,0.0
27.756181095123292,0.0
27.76549432086945,0.0
27.7748075466156,0.0
27.78412077236176,0.0
27.79343399810791,0.0
27.80274722385407,0.0
27.81206044960022,0.0
27.82137367534638,0.0
27.83068690109253,0.0
27.840000126838692,0.0
27.84931335258484,0.0
27.858626578330988,0.0
27.86793980407715,0.0
27.877253029823297,0.0
27.886566255569463,0.0
27.895879481315607,0.0
27.90519270706177,0.0
27.914505932807923,0.0
27.92381915855408,0.0
27.933132384300233,0.0
27.94244561004639,0.0
27.951758835792536,0.0
27.9610720615387,0.0
27.970385287284852,0.0
27.97969851303101,0.0
27.98901173877716,0.0
27.99832496452332,0.0
28.00763819026947,0.0
28.01695141601563,0.0
28.02626464176178,0.0
28.03557786750794,0.0
28.04489109325409,0.0
28.05420431900025,0.0
28.0635175447464,0.0
28.072830770492548,0.0
28.082143996238713,0.0
28.091457221984857,0.0
28.10077044773102,0.0
28.110083673477174,0.0
28.11939689922333,0.0
28.128710124969484,0.0
28.138023350715642,0.0
28.147336576461786,0.0
28.15664980220795,0.0
28.165963027954103,0.0
28.17527625370026,0.0
28.184589479446412,0.0
28.19390270519257,0.0
28.203215930938722,0.0
28.21252915668488,0.0
28.22184238243103,0.0
28.23115560817719,0.0
28.24046883392334,0.0
28.2497820596695,0.0
28.25909528541565,0.0
28.26840851116181,0.0
28.27772173690796,0.0
28.287034962654108,0.0
28.29634818840027,0.0
28.305661414146424,0.0
28.31497463989258,0.0
28.324287865638727,0.0
28.333601091384892,0.0
28.342914317131036,0.0
28.3522275428772,0.0
28.361540768623353,0.0
28.37085399436951,0.0
28.380167220115663,0.0
28.38948044586182,0.0
28.398793671607965,0.0
28.40810689735413,0.0
28.417420123100282,0.0
28.42673334884644,0.0
28.43604657459259,0.0
28.44535980033875,0.0
28.4546730260849,0.0
28.46398625183106,0.0
28.47329947757721,0.0
28.48261270332337,0.0
28.49192592906952,0.0
28.501239154815675,0.0
28.51055238056183,0.0
28.519865606307977,0.0
28.529178832054143,0.0
28.538492057800287,0.0
28.54780528354645,0.0
28.557118509292604,0.0
28.566431735038762,0.0
28.575744960784913,0.0
28.58505818653107,0.0
28.594371412277216,0.0
28.60368463802338,0.0
28.612997863769532,0.0
28.62231108951569,0.0
28.631624315261842,0.0
28.640937541008,0.0
28.65025076675415,0.0
28.65956399250031,0.0
28.66887721824646,0.0
28.67819044399262,0.0
28.68750366973877,0.0
28.69681689548493,0.0
28.70613012123108,0.0
28.715443346977228,0.0
28.72475657272339,0.0
28.734069798469537,0.0
28.7433830242157,0.0
28.752696249961854,0.0
28.762009475708012,0.0
28.771322701454157,0.0
28.780635927200322,0.0
28.789949152946466,0.0
28.799262378692628,0.0
28.808575604438783,0.0
28.81788883018494,0.0
28.827202055931092,0.0
28.83651528167725,0.0
28.845828507423395,0.0
28.85514173316956,0.0
28.86445495891571,0.0
28.87376818466187,0.0
28.88308141040802,0.0
28.89239463615418,0.0
28.90170786190033,0.0
28.91102108764649,0.0
28.92033431339264,0.0
28.9296475391388,0.0
28.93896076488495,0.0
28.948273990631105,0.0
28.957587216377263,0.0
28.966900442123407,0.0
28.976213667869573,0.0
28.985526893615717,0.0
28.99484011936188,0.0
29.004153345108033,0.0
29.01346657085419,0.0
29.022779796600343,0.0
29.0320930223465,0.0
29.041406248092645,0.0
29.05071947383881,0.0
29.060032699584962,0.0
29.06934592533112,0.0
29.07865915107727,0.0
29.08797237682343,0.0
29.09728560256958,0.0
29.10659882831574,0.0
29.11591205406189,0.0
29.12522527980805,0.0
29.1345385055542,0.0
29.14385173130036,0.0
29.153164957046513,0.0
29.162478182792658,0.0
29.17179140853882,0.0
29.181104634284967,0.0
29.19041786003113,0.0
29.199731085777284,0.0
29.209044311523442,0.0
29.218357537269586,0.0
29.22767076301575,0.0
29.236983988761896,0.0
29.246297214508058,0.0
29.255610440254213,0.0
29.26492366600037,0.0
29.274236891746522,0.0
29.28355011749268,0.0
29.292863343238825,0.0
29.30217656898499,0.0
29.31148979473114,0.0
29.3208030204773,0.0
29.33011624622345,0.0
29.33942947196961,0.0
29.348742697715764,0.0
29.358055923461922,0.0
29.36736914920807,0.0
29.376682374954218,0.0
29.38599560070038,0.0
29.395308826446534,0.0
29.404622052192693,0.0
29.413935277938837,0.0
29.423248503685002,0.0
29.432561729431146,0.0
29.44187495517731,0.0
29.451188180923463,0.0
29.46050140666962,0.0
29.469814632415773,0.0
29.47912785816193,0.0
29.488441083908075,0.0
29.49775430965424,0.0
29.50706753540039,0.0
29.51638076114655,0.0
29.5256939868927,0.0
29.53500721263886,0.0
29.54432043838501,0.0
29.553633664131173,0.0
29.56294688987732,0.0
29.57226011562348,0.0
29.58157334136963,0.0
29.590886567115778,0.0
29.600199792861943,0.0
29.609513018608087,0.0
29.61882624435425,0.0
29.628139470100397,0.0
29.63745269584656,0.0
29.646765921592714,0.0
29.656079147338872,0.0
29.665392373085016,0.0
29.67470559883118,0.0
29.684018824577326,0.0
29.693332050323487,0.0
29.702645276069642,0.0
29.7119585018158,0.0
29.721271727561952,0.0
29.73058495330811,0.0
29.73989817905426,0.0
29.74921140480042,0.0
29.75852463054657,0.0
29.76783785629273,0.0
29.77715108203888,0.0
29.78646430778504,0.0
29.795777533531194,0.0
29.805090759277338,0.0
29.8144039850235,0.0
29.823717210769647,0.0
29.83303043651581,0.0
29.842343662261964,0.0
29.851656888008122,0.0
29.860970113754266,0.0
29.870283339500432,0.0
29.879596565246576,0.0
29.888909790992738,0.0
29.898223016738893,0.0
29.90753624248505,0.0
29.916849468231202,0.0
29.92616269397736,0.0
29.935475919723512,0.0
29.94478914546967,0.0
29.95410237121582,0.0
29.96341559696198,0.0
29.97272882270813,0.0
29.98204204845429,0.0
29.99135527420044,0.0
30.000668499946602,0.0
